AREA_SIGLA,T,P,areaP,N,SPP,CAP1,CAP2,CAP3,ANO1,ANO2,ANO3,CAP_MINIMO_AREA,ESTAGIO_SUCESSIONAL_AREA
PNSJ1,1,10D,100,E181,Weinmannia paulliniifolia,"33,3",34,34,2016,2020,2024,15.7,Avançado
PNSJ1,1,10D,100,E182,Drimys angustifolia,40,"41,3",,2016,2020,2024,15.7,Avançado
PNSJ1,1,10D,100,E185,Myrceugenia mesomischa,"24,5+25,2","24+24,6","24+24,6",2016,2020,2024,15.7,Avançado
PNSJ1,1,10D,100,E188,Drimys angustifolia,"68,5","74,2","76,6",2016,2020,2024,15.7,Avançado
PNSJ1,1,10D,100,E190,Myrceugenia mesomischa,"18,7+16,9+19,5","18,9+16+19,5+20,4","20,5+21+22+16",2016,2020,2024,15.7,Avançado
PNSJ1,1,10D,100,E191,Baccharis dentata,18,"18,5",19,2016,2020,2024,15.7,Avançado
PNSJ1,1,10D,100,E192,Weinmannia paulliniifolia,"16,3","18,8","18,5",2016,2020,2024,15.7,Avançado
PNSJ1,1,10D,100,E193,Drimys angustifolia,58,"59,2",60,2016,2020,2024,15.7,Avançado
PNSJ1,1,10D,100,E194,Weinmannia paulliniifolia,"17+27,5",19,,2016,2020,2024,15.7,Avançado
PNSJ1,1,10D,100,E195,Dicksonia sellowiana,"95,6","95,6","101,8",2016,2020,2024,15.7,Avançado
PNSJ1,1,10D,100,E197,Drimys angustifolia,"25,9","28,3",30,2016,2020,2024,15.7,Avançado
PNSJ1,1,10D,100,E198,Myrceugenia mesomischa,"17,5+16,5+8","20,5+19+10,6","18+10+19,6",2016,2020,2024,15.7,Avançado
PNSJ1,1,10D,100,F31,Prunus myrtifolia,16,"20,3","20,3",2016,2020,2024,15.7,Avançado
PNSJ1,1,10D,100,F32,Ocotea pulchella,,"17,4","19,1",2016,2020,2024,15.7,Avançado
PNSJ1,1,10D,100,G133,Drimys angustifolia,"56,8","58,5","61,8",2016,2020,2024,15.7,Avançado
PNSJ1,1,10D,100,G82,Ilex paraguariensis,"30,1",31,"33,6",2016,2020,2024,15.7,Avançado
PNSJ1,1,10D,100,s/n,Vernonanthura discolor,16,,,2016,2020,2024,15.7,Avançado
PNSJ1,1,10E,100,E1015,Symphyopappus itatiayensis,19,,,2016,2020,2024,15.7,Avançado
PNSJ1,1,10E,100,E1020,Myrceugenia regnelliana,"9+10,5+12","13,5+7,5+11,5","13,3+12,1+8,2+5,3+6,9",2016,2020,2024,15.7,Avançado
PNSJ1,1,10E,100,E1021,Myrceugenia myrcioides,"19,5","19,6","18,5",2016,2020,2024,15.7,Avançado
PNSJ1,1,10E,100,E1025,Prunus myrtifolia,13+16,"19,7+16,6","16,6+19,8",2016,2020,2024,15.7,Avançado
PNSJ1,1,10E,100,E1027,Prunus myrtifolia,15+22,"26,4+18,5","29,6",2016,2020,2024,15.7,Avançado
PNSJ1,1,10E,100,E1028,Drimys angustifolia,"75,5","80,4","81,5",2016,2020,2024,15.7,Avançado
PNSJ1,1,10E,100,E1040,Myrceugenia myrcioides,"36,5+28","36,5",,2016,2020,2024,15.7,Avançado
PNSJ1,1,10E,100,E1042,Prunus myrtifolia,16,"16,2","18,5",2016,2020,2024,15.7,Avançado
PNSJ1,1,10E,100,E1055,Drimys angustifolia,70,70,"70,5",2016,2020,2024,15.7,Avançado
PNSJ1,1,10E,100,E1057,Ocotea porosa,29,29,"31,5",2016,2020,2024,15.7,Avançado
PNSJ1,1,10E,100,E1058,Eugenia uruguayensis,36,37,"39,7",2016,2020,2024,15.7,Avançado
PNSJ1,1,10E,100,E1059,Symphyopappus itatiayensis,17,,,2016,2020,2024,15.7,Avançado
PNSJ1,1,10E,100,E1060,Prunus myrtifolia,28,"35,5","36,1",2016,2020,2024,15.7,Avançado
PNSJ1,1,10E,100,E1061,Myrceugenia oxysepala,25,"23,4",23,2016,2020,2024,15.7,Avançado
PNSJ1,1,10E,100,E189,Weinmannia paulliniifolia,"30,5","34,4",35,2016,2020,2024,15.7,Avançado
PNSJ1,1,10E,100,F27,Solanum pabstii,,22,23,2016,2020,2024,15.7,Avançado
PNSJ1,1,10E,100,F28,Baccharis oblongifolia,,"16,8","20,4",2016,2020,2024,15.7,Avançado
PNSJ1,1,10E,100,F29,Prunus myrtifolia,20+60,"24,3+64,5",64+23,2016,2020,2024,15.7,Avançado
PNSJ1,1,10E,100,F30(E1023),Drimys angustifolia,104,104,106,2016,2020,2024,15.7,Avançado
PNSJ1,1,10E,100,G101,Myrceugenia oxysepala,,,"18,9+15,4",2016,2020,2024,15.7,Avançado
PNSJ1,1,10E,100,G136,Blepharocalyx salicifolius,,,"17,5",2016,2020,2024,15.7,Avançado
PNSJ1,1,10E,100,G139,Blepharocalyx salicifolius,,,19,2016,2020,2024,15.7,Avançado
PNSJ1,1,10E,100,G190,Ocotea pulchella,,,"18,5",2016,2020,2024,15.7,Avançado
PNSJ1,1,10E,100,G35,Crinodendron brasiliense,"19,6",21,"22,4",2016,2020,2024,15.7,Avançado
PNSJ1,1,1D,100,E1,Myrceugenia miersiana,"11+10+9,5","11,3+11,1+9,8",,2016,2020,2024,15.7,Avançado
PNSJ1,1,1D,100,E10,Myrceugenia euosma,"89,9","92,7",95,2016,2020,2024,15.7,Avançado
PNSJ1,1,1D,100,E11,Myrceugenia mesomischa,"22,1+4+5,5+9,1+10,4+9,7+17+10,2+9","20,2+8+9+10+17","7,5+9+17+23+9",2016,2020,2024,15.7,Avançado
PNSJ1,1,1D,100,E12,Drimys angustifolia,"59+52,3","51,5+62,5","55,4+65,2",2016,2020,2024,15.7,Avançado
PNSJ1,1,1D,100,E13,Myrceugenia myrcioides,"17+9,8+10,3","15,9+11+12,5","15,9+10+10,5",2016,2020,2024,15.7,Avançado
PNSJ1,1,1D,100,E14,Drimys angustifolia,"76,2",80,80,2016,2020,2024,15.7,Avançado
PNSJ1,1,1D,100,E15,Drimys angustifolia,63,"65,4","66,6",2016,2020,2024,15.7,Avançado
PNSJ1,1,1D,100,E16,Myrceugenia mesomischa,"17,3","19,5","19,6",2016,2020,2024,15.7,Avançado
PNSJ1,1,1D,100,E17,Myrceugenia mesomischa,"27+17,8+10,1+21+12,5+24,8+17","26,1+16,2+19,8+32,9+27,8+13,5+12,1+12,9","26,8+31,4+22,2+28+16,8+11,1+10+10",2016,2020,2024,15.7,Avançado
PNSJ1,1,1D,100,E18,Drimys angustifolia,73,76,"78,4",2016,2020,2024,15.7,Avançado
PNSJ1,1,1D,100,E19,Siphoneugena reitzii,"79+57,9",79+57,"80,3+59,5",2016,2020,2024,15.7,Avançado
PNSJ1,1,1D,100,E2,Citronella paniculata,20,"23,5",25,2016,2020,2024,15.7,Avançado
PNSJ1,1,1D,100,E20,Siphoneugena reitzii,"18,7",21,,2016,2020,2024,15.7,Avançado
PNSJ1,1,1D,100,E21,Drimys angustifolia,"81+66,2","68,6","77,1",2016,2020,2024,15.7,Avançado
PNSJ1,1,1D,100,E4,Drimys angustifolia,17,"19,8",26,2016,2020,2024,15.7,Avançado
PNSJ1,1,1D,100,E5,Myrceugenia mesomischa,"20,3+25,5","22,5+25,6","26,3+23,1",2016,2020,2024,15.7,Avançado
PNSJ1,1,1D,100,E6,Drimys angustifolia,"75,5","76,5","76,5",2016,2020,2024,15.7,Avançado
PNSJ1,1,1D,100,E7,Solanum pabstii,22,22,,2016,2020,2024,15.7,Avançado
PNSJ1,1,1D,100,E8,Myrceugenia oxysepala,"23,7+17,7+18,8+22+6+6,2","15,9+19,8+17,1+22,7+6,3+5,4","24,2+16,6+6,2+7,9+20,1+18,2",2016,2020,2024,15.7,Avançado
PNSJ1,1,1D,100,E9,Drimys angustifolia,78,"78,7","80,4",2016,2020,2024,15.7,Avançado
PNSJ1,1,1D,100,F171,Myrceugenia myrcioides,,"16,2",17,2016,2020,2024,15.7,Avançado
PNSJ1,1,1D,100,F2,Myrceugenia miersiana,"23,4","23,5","23,6",2016,2020,2024,15.7,Avançado
PNSJ1,1,1D,100,F444,Siphoneugena reitzii,,21,24,2016,2020,2024,15.7,Avançado
PNSJ1,1,1D,100,G18,Eugenia uruguayensis,,,16,2016,2020,2024,15.7,Avançado
PNSJ1,1,1E,100,E51,Drimys angustifolia,"30,5","30,2","30,2",2016,2020,2024,15.7,Avançado
PNSJ1,1,1E,100,E53,Myrceugenia oxysepala,15+16,"17,3+18","17,3+18",2016,2020,2024,15.7,Avançado
PNSJ1,1,1E,100,E54,Drimys angustifolia,"45,5",49,50,2016,2020,2024,15.7,Avançado
PNSJ1,1,1E,100,E55,Drimys angustifolia,67,"67,6","68,2",2016,2020,2024,15.7,Avançado
PNSJ1,1,1E,100,E56,Drimys angustifolia,"55,7","70,2",74,2016,2020,2024,15.7,Avançado
PNSJ1,1,1E,100,E57,Eugenia uruguayensis,"8,5+19+9+13",,,2016,2020,2024,15.7,Avançado
PNSJ1,1,1E,100,E58,Drimys angustifolia,96,"104,3",107,2016,2020,2024,15.7,Avançado
PNSJ1,1,1E,100,E59,Myrceugenia myrcioides,11+14+6,"13,5+15,8+7,5","13,1+16,2+7,2",2016,2020,2024,15.7,Avançado
PNSJ1,1,1E,100,E61,Myrceugenia myrcioides,15+12,,,2016,2020,2024,15.7,Avançado
PNSJ1,1,1E,100,E63,Dicksonia sellowiana,86,"89,4",96,2016,2020,2024,15.7,Avançado
PNSJ1,1,1E,100,E80,Drimys angustifolia,61,"63,6","64,4",2016,2020,2024,15.7,Avançado
PNSJ1,1,1E,100,F1,Myrceugenia oxysepala,17+18+15+10+15,"18,7+19,3+16,4+10+16,1","18,2+20,2+20+13+16",2016,2020,2024,15.7,Avançado
PNSJ1,1,1E,100,F3,Drimys angustifolia,69+32,"74,3+35,1","76,7+36,3",2016,2020,2024,15.7,Avançado
PNSJ1,1,1E,100,G08,Solanum ramulosum,,,16,2016,2020,2024,15.7,Avançado
PNSJ1,1,1E,100,G31,Citronella paniculata,"42,7","49,5","51,8",2016,2020,2024,15.7,Avançado
PNSJ1,1,1E,100,G36,Drimys angustifolia,68+47,"73,5+52","77,6+58,1",2016,2020,2024,15.7,Avançado
PNSJ1,1,2D,100,E22,Eugenia uruguayensis,"25,1","25,1","26,6",2016,2020,2024,15.7,Avançado
PNSJ1,1,2D,100,E24,Citronella paniculata,22,22,"22,5",2016,2020,2024,15.7,Avançado
PNSJ1,1,2D,100,E25,Drimys angustifolia,"46,4","51,7","60,5",2016,2020,2024,15.7,Avançado
PNSJ1,1,2D,100,E26,Myrceugenia oxysepala,"16,7+14+9+13,2","15+8+13,6+7,5+12,7+9,3","20+15,5+14+14,5+12,1+8,8+9,3",2016,2020,2024,15.7,Avançado
PNSJ1,1,2D,100,E27,Solanum pabstii,"26,5","33,5",39,2016,2020,2024,15.7,Avançado
PNSJ1,1,2D,100,E28,Drimys angustifolia,"23,2","23,4","23,5",2016,2020,2024,15.7,Avançado
PNSJ1,1,2D,100,E29,Prunus myrtifolia,"54,5","56,8","60,9",2016,2020,2024,15.7,Avançado
PNSJ1,1,2D,100,E30,Solanum pabstii,"16,3",21,26,2016,2020,2024,15.7,Avançado
PNSJ1,1,2D,100,E31,Myrceugenia miersiana,"17,5","17,6","17,6",2016,2020,2024,15.7,Avançado
PNSJ1,1,2D,100,E32,Drimys angustifolia,"57,5+45,2","60+46,6","66,4+47,5",2016,2020,2024,15.7,Avançado
PNSJ1,1,2D,100,E34,Myrceugenia mesomischa,"6,3+14,5+10,5+15,9+13,8+19+15+9,5+13+9,5+18","14,5+10+16,8+19,3+15,5+9,8+9,8+10,6+18,7+9,7","15,9+12,9+18,3+15,3+17,6+9,5",2016,2020,2024,15.7,Avançado
PNSJ1,1,2D,100,E35,Myrceugenia mesomischa,"15,7","15,6",15,2016,2020,2024,15.7,Avançado
PNSJ1,1,2D,100,E41,Berberis laurina,"31,1+18,5+6,9+18,2","17,7+6,9+11,4+30,5",,2016,2020,2024,15.7,Avançado
PNSJ1,1,2D,100,E48,Myrceugenia myrcioides,"19,1+17,9+13+12,8+12,2+10,7+16,5+13,7+13,8","11,8+11,7+9,4+18,4+13,7+16,5+16,6","12+19+9+12+17+15,1+12",2016,2020,2024,15.7,Avançado
PNSJ1,1,2D,100,E49,Solanum pabstii,"16,4","21,2","26,5",2016,2020,2024,15.7,Avançado
PNSJ1,1,2D,100,E50,Myrceugenia myrcioides,20,20,20,2016,2020,2024,15.7,Avançado
PNSJ1,1,2D,100,F172,Myrceugenia mesomischa,,"16,4+13,1","8,5+13+15,4+13",2016,2020,2024,15.7,Avançado
PNSJ1,1,2D,100,F173,Myrceugenia mesomischa,,"19,7","20,6+13,7",2016,2020,2024,15.7,Avançado
PNSJ1,1,2D,100,F174(E33),Myrceugenia euosma,"18,5","15,2+17,1","21,5+13,4+14",2016,2020,2024,15.7,Avançado
PNSJ1,1,2D,100,F175(E23),Myrceugenia myrcioides,"26,5+22,5+13,5+13","12,2+14,1+22,4+26,7","23,1+28,7+12,2+12,5",2016,2020,2024,15.7,Avançado
PNSJ1,1,2D,100,F176,NI,,"16,8",,2016,2020,2024,15.7,Avançado
PNSJ1,1,2D,100,F450,Symphyopappus itatiayensis,,"18,1","19,4",2016,2020,2024,15.7,Avançado
PNSJ1,1,2D,100,G52,Myrceugenia miersiana,,,16,2016,2020,2024,15.7,Avançado
PNSJ1,1,2E,100,E62,Drimys angustifolia,70,"69,1",70,2016,2020,2024,15.7,Avançado
PNSJ1,1,2E,100,E64,Myrceugenia myrcioides,34,"34,1","34,1",2016,2020,2024,15.7,Avançado
PNSJ1,1,2E,100,E65,Myrceugenia oxysepala,"18,3+16,5+20+16,5","19,6+18,5+16,3+22,5","20+16+21,2+16,6",2016,2020,2024,15.7,Avançado
PNSJ1,1,2E,100,E66,Weinmannia paulliniifolia,24,"26,1","26,1",2016,2020,2024,15.7,Avançado
PNSJ1,1,2E,100,E67,Myrceugenia oxysepala,"24,5+13+14+21","22,3+13,3+14,8+26,5","22,2+23,5+15,8+14+21",2016,2020,2024,15.7,Avançado
PNSJ1,1,2E,100,E68,Myrceugenia oxysepala,"19,8",,,2016,2020,2024,15.7,Avançado
PNSJ1,1,2E,100,E69,Myrceugenia oxysepala,"21,5+21,5+13+14,5+5",21+20+15+14,"22,5+19,6+15,2+21,1",2016,2020,2024,15.7,Avançado
PNSJ1,1,2E,100,E70,Solanum pabstii,"16,3",19,"24,2",2016,2020,2024,15.7,Avançado
PNSJ1,1,2E,100,E71,Drimys angustifolia,61,61,61,2016,2020,2024,15.7,Avançado
PNSJ1,1,2E,100,E72,Myrceugenia myrcioides,"19,8+22,5","21,4+22,9",21+23,2016,2020,2024,15.7,Avançado
PNSJ1,1,2E,100,E73,Blepharocalyx salicifolius,35,,,2016,2020,2024,15.7,Avançado
PNSJ1,1,2E,100,E76,Myrceugenia myrcioides,"7,5+7+9,5+8","7,1+13,4+12+8,9+7+8,3","7,5+7+8+8+13,5+8",2016,2020,2024,15.7,Avançado
PNSJ1,1,2E,100,E79,Myrceugenia myrcioides,"24+11,5+16+11+13","15,7+24,3+13,5+13,7","15,5+24+13+10",2016,2020,2024,15.7,Avançado
PNSJ1,1,2E,100,F5,Solanum pabstii,,"17,2+15,8",19+16,2016,2020,2024,15.7,Avançado
PNSJ1,1,2E,100,G311,Solanum pabstii,,"17,5","24,4",2016,2020,2024,15.7,Avançado
PNSJ1,1,2E,100,G38,Solanum ramulosum,,,"16,6+19,2",2016,2020,2024,15.7,Avançado
PNSJ1,1,2E,100,G51,Ocotea pulchella,,,17,2016,2020,2024,15.7,Avançado
PNSJ1,1,3D,100,E180,Solanum pabstii,"11,3+6+14,5+5,2+8","15,6+12,5+15,3+9,5",,2016,2020,2024,15.7,Avançado
PNSJ1,1,3D,100,E36,Ilex microdonta,"26,4",25,25,2016,2020,2024,15.7,Avançado
PNSJ1,1,3D,100,E37,Ilex microdonta,38,"39,5",41,2016,2020,2024,15.7,Avançado
PNSJ1,1,3D,100,E38,Siphoneugena reitzii,19,"18,4","18,5",2016,2020,2024,15.7,Avançado
PNSJ1,1,3D,100,E39,Solanum pabstii,"16,4","17,1",,2016,2020,2024,15.7,Avançado
PNSJ1,1,3D,100,E40,Drimys angustifolia,"66+55,5","66,7+55,7","67+56,5",2016,2020,2024,15.7,Avançado
PNSJ1,1,3D,100,E42,Drimys angustifolia,66,"64,4",,2016,2020,2024,15.7,Avançado
PNSJ1,1,3D,100,E43,Siphoneugena reitzii,31,31,31,2016,2020,2024,15.7,Avançado
PNSJ1,1,3D,100,E44,Myrceugenia myrcioides,"19,2",21,22+11,2016,2020,2024,15.7,Avançado
PNSJ1,1,3D,100,E45,Drimys angustifolia,95,"95,1","95,2",2016,2020,2024,15.7,Avançado
PNSJ1,1,3D,100,E46,Citronella paniculata,41,42,"43,1",2016,2020,2024,15.7,Avançado
PNSJ1,1,3D,100,E47,Citronella paniculata,81,83,85,2016,2020,2024,15.7,Avançado
PNSJ1,1,3D,100,G107,Prunus myrtifolia,,,16,2016,2020,2024,15.7,Avançado
PNSJ1,1,3D,100,G172,Solanum ramulosum,,,"16,6",2016,2020,2024,15.7,Avançado
PNSJ1,1,3E,100,E121,Myrceugenia oxysepala,"16+11,5+13","14,6+13,3+10,4",,2016,2020,2024,15.7,Avançado
PNSJ1,1,3E,100,E135,Myrsine coriacea,"51,2","59,5",63,2016,2020,2024,15.7,Avançado
PNSJ1,1,3E,100,E141,Myrceugenia miersiana,17,,,2016,2020,2024,15.7,Avançado
PNSJ1,1,3E,100,E143,Drimys angustifolia,70,70,"72,1",2016,2020,2024,15.7,Avançado
PNSJ1,1,3E,100,E144,Maytenus boaria,"24,5","24,5","25,1",2016,2020,2024,15.7,Avançado
PNSJ1,1,3E,100,E145,Drimys angustifolia,"55,5","61,9","66,1",2016,2020,2024,15.7,Avançado
PNSJ1,1,3E,100,E146,Myrceugenia regnelliana,"17,6","18,6","19,7",2016,2020,2024,15.7,Avançado
PNSJ1,1,3E,100,E147,Drimys angustifolia,53,"58,5","58,8",2016,2020,2024,15.7,Avançado
PNSJ1,1,3E,100,E148,Myrceugenia mesomischa,21+10,"25,1+11,8","27,2+14,3",2016,2020,2024,15.7,Avançado
PNSJ1,1,3E,100,E149,Maytenus boaria,"44,5",,,2016,2020,2024,15.7,Avançado
PNSJ1,1,3E,100,E150,Drimys angustifolia,37,,,2016,2020,2024,15.7,Avançado
PNSJ1,1,3E,100,E74,Myrceugenia mesomischa,25,28,"30,3",2016,2020,2024,15.7,Avançado
PNSJ1,1,3E,100,E75,Myrceugenia myrcioides,"15,8","18,6","20,8",2016,2020,2024,15.7,Avançado
PNSJ1,1,3E,100,E77,Drimys angustifolia,"73+41+26,5+42+66","77+42,1+26,5+42,5+70,5","41+81+26+38+70,5",2016,2020,2024,15.7,Avançado
PNSJ1,1,3E,100,E78,Myrceugenia oxysepala,"15,5+13,2","11,5+21,2",,2016,2020,2024,15.7,Avançado
PNSJ1,1,3E,100,G102,Solanum ramulosum,,,"16,5",2016,2020,2024,15.7,Avançado
PNSJ1,1,3E,100,G11,Myrceugenia oxysepala,,,15+10+13,2016,2020,2024,15.7,Avançado
PNSJ1,1,3E,100,G15,Solanum pabstii,,,21,2016,2020,2024,15.7,Avançado
PNSJ1,1,3E,100,G170,Myrceugenia regnelliana,,,"14,2+10,3+8,9",2016,2020,2024,15.7,Avançado
PNSJ1,1,3E,100,G171,Myrceugenia myrcioides,,,"11,2+16,3",2016,2020,2024,15.7,Avançado
PNSJ1,1,3E,100,G173,Siphoneugena reitzii,,,"16,4+11,2",2016,2020,2024,15.7,Avançado
PNSJ1,1,3E,100,G175,Solanum pabstii,,,"20,6",2016,2020,2024,15.7,Avançado
PNSJ1,1,3E,100,G388,Myrceugenia miersiana,,,"17+8,4",2016,2020,2024,15.7,Avançado
PNSJ1,1,3E,100,G47,Solanum pabstii,,"18,1+11,4",21+11,2016,2020,2024,15.7,Avançado
PNSJ1,1,3E,100,G488,Drimys angustifolia,86,"86,5",87,2016,2020,2024,15.7,Avançado
PNSJ1,1,3E,100,G49,Solanum ramulosum,,,16,2016,2020,2024,15.7,Avançado
PNSJ1,1,4D,100,E151,Baccharis microdonta,"16,5+11,5","23,1",,2016,2020,2024,15.7,Avançado
PNSJ1,1,4D,100,E152,Ilex microdonta,24,"27,4","28,8",2016,2020,2024,15.7,Avançado
PNSJ1,1,4D,100,E153,Siphoneugena reitzii,"16,5+13,2+9,7+21,5+12,6","17+12,9+21,2+12,1+8,2","18+12,5+21+13,5",2016,2020,2024,15.7,Avançado
PNSJ1,1,4D,100,E154,Drimys angustifolia,"93,4","93,4",92,2016,2020,2024,15.7,Avançado
PNSJ1,1,4D,100,E155,Prunus myrtifolia,"24,5","26,4",29,2016,2020,2024,15.7,Avançado
PNSJ1,1,4D,100,E156,Ilex microdonta,"61,2","62,3",66,2016,2020,2024,15.7,Avançado
PNSJ1,1,4D,100,E157,Drimys angustifolia,"64,9+25,4","67,4",71,2016,2020,2024,15.7,Avançado
PNSJ1,1,4D,100,E158,Drimys angustifolia,"74,6","74,1","74,1",2016,2020,2024,15.7,Avançado
PNSJ1,1,4D,100,E159,Weinmannia paulliniifolia,"32,4",33,34,2016,2020,2024,15.7,Avançado
PNSJ1,1,4D,100,E160,Siphoneugena reitzii,"13,1+15,2","12,7+15,7",14+17,2016,2020,2024,15.7,Avançado
PNSJ1,1,4D,100,E161,Drimys angustifolia,"89,2+75,3","93,3+81,2",92+87,2016,2020,2024,15.7,Avançado
PNSJ1,1,4D,100,E162,Ilex microdonta,"15,3+11,3","12+15,3","15,3+12",2016,2020,2024,15.7,Avançado
PNSJ1,1,4D,100,E163,Siphoneugena reitzii,"17,9+15,1","18,1+16",17+15,2016,2020,2024,15.7,Avançado
PNSJ1,1,4D,100,E164,Siphoneugena reitzii,"15+14,9","16,5+14,8","17,5+14,9",2016,2020,2024,15.7,Avançado
PNSJ1,1,4D,100,E165,Drimys angustifolia,"69,2",70,"71,1",2016,2020,2024,15.7,Avançado
PNSJ1,1,4D,100,E166,Siphoneugena reitzii,"19,2","19,8","19,9",2016,2020,2024,15.7,Avançado
PNSJ1,1,4D,100,E167,Siphoneugena reitzii,"11,9+14,9+7","13,2+10,5+11,8","12+9,5+10,8",2016,2020,2024,15.7,Avançado
PNSJ1,1,4D,100,E178,Siphoneugena reitzii,"23,2+15,5","21,9+15","22,5+16",2016,2020,2024,15.7,Avançado
PNSJ1,1,4D,100,E241,Myrrhinium atropurpureum,"33,2+14,5+25,6+22,4","33,7+15,5+25,7","32,8+13,7+26,9",2016,2020,2024,15.7,Avançado
PNSJ1,1,4D,100,E242,Eugenia uruguayensis,"26,2","27,3","27,4",2016,2020,2024,15.7,Avançado
PNSJ1,1,4D,100,E245,Siphoneugena reitzii,"43+46,1","43,9+47,2","45,7+51,1",2016,2020,2024,15.7,Avançado
PNSJ1,1,4D,100,E256,Citronella paniculata,"52,1","52,1","52,1",2016,2020,2024,15.7,Avançado
PNSJ1,1,4D,100,E259,Drimys angustifolia,"34,2",,,2016,2020,2024,15.7,Avançado
PNSJ1,1,4D,100,E260,Drimys angustifolia,"22,3",,,2016,2020,2024,15.7,Avançado
PNSJ1,1,4D,100,E267,Ocotea pulchella,26,26,"26,1",2016,2020,2024,15.7,Avançado
PNSJ1,1,4D,100,E268,Myrceugenia mesomischa,"45,5+37,5","46,8+37,3+13,2","45,4+12,2+35,6",2016,2020,2024,15.7,Avançado
PNSJ1,1,4D,100,E269,Myrceugenia myrcioides,"107,5","110,5","111,2",2016,2020,2024,15.7,Avançado
PNSJ1,1,4D,100,E270,Eugenia uruguayensis,"45,4","43,1","43,1",2016,2020,2024,15.7,Avançado
PNSJ1,1,4D,100,G176,Crinodendron brasiliense,"70,4","71,4","72,4",2016,2020,2024,15.7,Avançado
PNSJ1,1,4D,100,G179,Myrceugenia regnelliana,,,"15,9",2016,2020,2024,15.7,Avançado
PNSJ1,1,4D,100,G43,Araucaria angustifolia,,,"15,7",2016,2020,2024,15.7,Avançado
PNSJ1,1,4E,100,88,Prunus myrtifolia,"48,5",,,2016,2020,2024,15.7,Avançado
PNSJ1,1,4E,100,E100,Myrceugenia myrcioides,26,"29,9","29,9",2016,2020,2024,15.7,Avançado
PNSJ1,1,4E,100,E122,Myrceugenia myrcioides,26,"28,3","28,5",2016,2020,2024,15.7,Avançado
PNSJ1,1,4E,100,E123,Solanum pabstii,18,"24,3",26,2016,2020,2024,15.7,Avançado
PNSJ1,1,4E,100,E124,Myrceugenia oxysepala,"15+19,3+14","14,3+19,4+16,5","14,7+17,7+19,6",2016,2020,2024,15.7,Avançado
PNSJ1,1,4E,100,E126,Myrceugenia myrcioides,20,"21,3","21,4",2016,2020,2024,15.7,Avançado
PNSJ1,1,4E,100,E127,Myrsine coriacea,28,41,50,2016,2020,2024,15.7,Avançado
PNSJ1,1,4E,100,E128,Drimys angustifolia,"110,5","114,5","120,5",2016,2020,2024,15.7,Avançado
PNSJ1,1,4E,100,E129,Drimys angustifolia,40,"47,4",49,2016,2020,2024,15.7,Avançado
PNSJ1,1,4E,100,E130,Myrceugenia oxysepala,44,45,46,2016,2020,2024,15.7,Avançado
PNSJ1,1,4E,100,E131,Solanum pabstii,"18,1",22,24,2016,2020,2024,15.7,Avançado
PNSJ1,1,4E,100,E132,Myrceugenia oxysepala,"8+6+7,5+10","10+15,5+10+10",,2016,2020,2024,15.7,Avançado
PNSJ1,1,4E,100,E133,Myrceugenia miersiana,"8+14+15,3+6","14,5+9,5+9,5+15,3","14,5+15+9+6",2016,2020,2024,15.7,Avançado
PNSJ1,1,4E,100,E134,Myrceugenia myrcioides,16,"16,3","16,5",2016,2020,2024,15.7,Avançado
PNSJ1,1,4E,100,E136,Myrceugenia myrcioides,23,"26,5","27,5",2016,2020,2024,15.7,Avançado
PNSJ1,1,4E,100,E137,Drimys angustifolia,"67,5","70,6","71,1",2016,2020,2024,15.7,Avançado
PNSJ1,1,4E,100,E138,Weinmannia paulliniifolia,"97,5",106,"113,8",2016,2020,2024,15.7,Avançado
PNSJ1,1,4E,100,E139,Drimys angustifolia,"96,5","96,5",97,2016,2020,2024,15.7,Avançado
PNSJ1,1,4E,100,E140,Myrceugenia miersiana,"12+11+10,5+7+6,5","11+12,4+13,9+8,3+7,3",7+9+11+12+8,2016,2020,2024,15.7,Avançado
PNSJ1,1,4E,100,E81,Myrceugenia oxysepala,6+20+31+15+11+8,"32,5+21,3+16,5+14,5+20,7+16,5","16,3+30,5+14,8+20,3+11,5+10,3",2016,2020,2024,15.7,Avançado
PNSJ1,1,4E,100,E82,Myrceugenia oxysepala,20+8+26+9,"23,1+28,1+8,4+10,2+12,2",23+8+8+29+12,2016,2020,2024,15.7,Avançado
PNSJ1,1,4E,100,E86,Prunus myrtifolia,54,"56,7","61,5",2016,2020,2024,15.7,Avançado
PNSJ1,1,4E,100,E90,Eugenia uruguayensis,41,43,"47,2",2016,2020,2024,15.7,Avançado
PNSJ1,1,4E,100,E99,Myrceugenia oxysepala,"27,5+15,5+17","21,1+16,6+27,6","19,7+21,9+16+19",2016,2020,2024,15.7,Avançado
PNSJ1,1,4E,100,G174,Drimys angustifolia,23,"28,4",35,2016,2020,2024,15.7,Avançado
PNSJ1,1,4E,100,G344,Myrceugenia mesomischa,14+14+6,15+15+7,"16,2+16,3+8,7",2016,2020,2024,15.7,Avançado
PNSJ1,1,5D,100,E243,Myrrhinium atropurpureum,"24,9","25,1","25,3",2016,2020,2024,15.7,Avançado
PNSJ1,1,5D,100,E244,Drimys angustifolia,76,"77,9","82,5",2016,2020,2024,15.7,Avançado
PNSJ1,1,5D,100,E247,Myrceugenia oxysepala,"28,6","28,6",29,2016,2020,2024,15.7,Avançado
PNSJ1,1,5D,100,E248,Drimys angustifolia,"87,2","89,9",91,2016,2020,2024,15.7,Avançado
PNSJ1,1,5D,100,E249,Baccharis oblongifolia,"46,8+76,8",,,2016,2020,2024,15.7,Avançado
PNSJ1,1,5D,100,E250,Myrceugenia oxysepala,"25+18,5+21+22,3+17,7","17,3+20,9+17,8+22,3+24,5",,2016,2020,2024,15.7,Avançado
PNSJ1,1,5D,100,E251,Drimys angustifolia,"98,5","103,5","107,7",2016,2020,2024,15.7,Avançado
PNSJ1,1,5D,100,E252,Myrceugenia myrcioides,"21,9+30,9","27,4+21,5","27,6+21,7+9,7",2016,2020,2024,15.7,Avançado
PNSJ1,1,5D,100,E253,Myrrhinium atropurpureum,22+14+9+13,"20,3+12,4+13,1","24,5+24,9+10,4",2016,2020,2024,15.7,Avançado
PNSJ1,1,5D,100,E254,Myrceugenia mesomischa,"15,8","15,9",17,2016,2020,2024,15.7,Avançado
PNSJ1,1,5D,100,E255,Dicksonia sellowiana,"79,2","85,1",87,2016,2020,2024,15.7,Avançado
PNSJ1,1,5D,100,E257,Escallonia bifida,170,168,168,2016,2020,2024,15.7,Avançado
PNSJ1,1,5D,100,E258,Myrceugenia mesomischa,19,"19,2","19,5",2016,2020,2024,15.7,Avançado
PNSJ1,1,5D,100,E261,Drimys angustifolia,"80,5","80,7",,2016,2020,2024,15.7,Avançado
PNSJ1,1,5D,100,E262,Maytenus boaria,"73,7","66,3","67,2",2016,2020,2024,15.7,Avançado
PNSJ1,1,5D,100,E263,Drimys angustifolia,"89,6",90,92,2016,2020,2024,15.7,Avançado
PNSJ1,1,5D,100,E264,Ilex paraguariensis,"58,2","58,2","59,4",2016,2020,2024,15.7,Avançado
PNSJ1,1,5D,100,E265,Myrceugenia mesomischa,"13,1+13,3","14,1+12,5","14+12,5",2016,2020,2024,15.7,Avançado
PNSJ1,1,5D,100,E266,Drimys angustifolia,"58,1","56,1","56,9",2016,2020,2024,15.7,Avançado
PNSJ1,1,5D,100,F178,Symphyopappus itatiayensis,,"16,3",,2016,2020,2024,15.7,Avançado
PNSJ1,1,5D,100,G103,Prunus myrtifolia,,,16,2016,2020,2024,15.7,Avançado
PNSJ1,1,5D,100,G178,Prunus myrtifolia,"31,5","35,3","38,9",2016,2020,2024,15.7,Avançado
PNSJ1,1,5D,100,G46,Crinodendron brasiliense,23,24,25,2016,2020,2024,15.7,Avançado
PNSJ1,1,5E,100,E120,Drimys angustifolia,"37,5",39,40,2016,2020,2024,15.7,Avançado
PNSJ1,1,5E,100,E83,Drimys angustifolia,57,"62,4","67,5",2016,2020,2024,15.7,Avançado
PNSJ1,1,5E,100,E84,Drimys angustifolia,102,"102,5","102,5",2016,2020,2024,15.7,Avançado
PNSJ1,1,5E,100,E85,Myrceugenia regnelliana,12+8+11+15,"8,5+13,2+11,5+15,6","13,2+15,8+12",2016,2020,2024,15.7,Avançado
PNSJ1,1,5E,100,E87,Drimys angustifolia,105,106,"111,3",2016,2020,2024,15.7,Avançado
PNSJ1,1,5E,100,E89,Myrceugenia oxysepala,10+11+14+19,"12,4+12+14,6+20+12,4+13,3+14,6","17+13,4+14,9+23,3+15,8+13,5+12,9",2016,2020,2024,15.7,Avançado
PNSJ1,1,5E,100,E91,Myrceugenia regnelliana,79+39,42+76,"46+93,5",2016,2020,2024,15.7,Avançado
PNSJ1,1,5E,100,E93,Prunus myrtifolia,21,"25,6","28,3",2016,2020,2024,15.7,Avançado
PNSJ1,1,5E,100,E94,Myrceugenia oxysepala,19,"20,8",22,2016,2020,2024,15.7,Avançado
PNSJ1,1,5E,100,E95,Myrceugenia regnelliana,"12,5+9+7,5+11+10+13","12,5+10,4+9,1+14,4+11,1+6,3","9+11,5+13,5+8+6,5",2016,2020,2024,15.7,Avançado
PNSJ1,1,5E,100,E97,Drimys angustifolia,32,"33,3","35,5",2016,2020,2024,15.7,Avançado
PNSJ1,1,5E,100,E98,Myrceugenia oxysepala,"9+15+12,5+11+13,2+14+10",,,2016,2020,2024,15.7,Avançado
PNSJ1,1,5E,100,F7,Myrceugenia mesomischa,,"18,8+13,9+8,3","19+14,5+8,5",2016,2020,2024,15.7,Avançado
PNSJ1,1,5E,100,F8,Maytenus boaria,32,"34,2",,2016,2020,2024,15.7,Avançado
PNSJ1,1,5E,100,F9,Symplocos pentandra,,"16,8",,2016,2020,2024,15.7,Avançado
PNSJ1,1,5E,100,G13,Solanum pabstii,,,"15,7",2016,2020,2024,15.7,Avançado
PNSJ1,1,5E,100,G177,Myrceugenia regnelliana,"9+6+12+6+10+11,5+14,3","11,5+9,5+13+8,5+7,3+13,5+10,5+6,3","7,4+13,7+8,4+13+9,9+12,9+8,8+11,3+13,9",2016,2020,2024,15.7,Avançado
PNSJ1,1,5E,100,G42,Solanum pabstii,,,"17,3",2016,2020,2024,15.7,Avançado
PNSJ1,1,6D,100,E168,Myrceugenia myrcioides,25,"26,1",,2016,2020,2024,15.7,Avançado
PNSJ1,1,6D,100,E169,Crinodendron brasiliense,48,,,2016,2020,2024,15.7,Avançado
PNSJ1,1,6D,100,E170,Myrceugenia myrcioides,"17,5","18,3","18,3",2016,2020,2024,15.7,Avançado
PNSJ1,1,6D,100,E171,Myrceugenia myrcioides,"25,2",,,2016,2020,2024,15.7,Avançado
PNSJ1,1,6D,100,E172,Drimys angustifolia,"59,1",,,2016,2020,2024,15.7,Avançado
PNSJ1,1,6D,100,E173,Myrceugenia myrcioides,"72,4","83,4",86,2016,2020,2024,15.7,Avançado
PNSJ1,1,6D,100,E174,Ilex microdonta,"51,4","53,1","55,4",2016,2020,2024,15.7,Avançado
PNSJ1,1,6D,100,E175,Myrceugenia myrcioides,"21,5+20,9","15+17,5","17,7+16,6",2016,2020,2024,15.7,Avançado
PNSJ1,1,6D,100,E176,Drimys angustifolia,"23,7",23,"23+8,1",2016,2020,2024,15.7,Avançado
PNSJ1,1,6D,100,E177,Myrceugenia oxysepala,"19,5+9,4+12,8+11,9+16,1","14+19,1+21+9,3+10,9","9+10,5+11",2016,2020,2024,15.7,Avançado
PNSJ1,1,6D,100,E211,Myrceugenia oxysepala,"19,4","24,5",25,2016,2020,2024,15.7,Avançado
PNSJ1,1,6D,100,E212,Myrceugenia myrcioides,"20,6+23","22,3+20,8",22+21,2016,2020,2024,15.7,Avançado
PNSJ1,1,6D,100,E700,Weinmannia paulliniifolia,20,"52,1",57,2016,2020,2024,15.7,Avançado
PNSJ1,1,6D,100,E701,Myrceugenia regnelliana,"16,5","19,3","19,3+14+10+8",2016,2020,2024,15.7,Avançado
PNSJ1,1,6D,100,F177,Prunus myrtifolia,59,"61,1",65,2016,2020,2024,15.7,Avançado
PNSJ1,1,6D,100,F445,Ilex microdonta,47,"49,6",51,2016,2020,2024,15.7,Avançado
PNSJ1,1,6D,100,F451,Weinmannia paulliniifolia,45,"51,5",57,2016,2020,2024,15.7,Avançado
PNSJ1,1,6D,100,G198,Myrceugenia myrcioides,,,"13,2+10,9",2016,2020,2024,15.7,Avançado
PNSJ1,1,6D,100,G59,Prunus myrtifolia,,,22,2016,2020,2024,15.7,Avançado
PNSJ1,1,6E,100,E1062,Drimys angustifolia,62,"54,4",,2016,2020,2024,15.7,Avançado
PNSJ1,1,6E,100,E960,Prunus myrtifolia,"37,5","38,5",39,2016,2020,2024,15.7,Avançado
PNSJ1,1,6E,100,E964,Eugenia uruguayensis,176,176,"182,3",2016,2020,2024,15.7,Avançado
PNSJ1,1,6E,100,E967,Myrceugenia regnelliana,"11,5+14","10,5+7,5","10,5+6",2016,2020,2024,15.7,Avançado
PNSJ1,1,6E,100,E970,Myrceugenia regnelliana,16,"16,5",17,2016,2020,2024,15.7,Avançado
PNSJ1,1,6E,100,E972,Drimys angustifolia,"44,7","45,6","45,4",2016,2020,2024,15.7,Avançado
PNSJ1,1,6E,100,E975,Prunus myrtifolia,25,"30,1","32,1",2016,2020,2024,15.7,Avançado
PNSJ1,1,6E,100,E977,Prunus myrtifolia,"50,2","52,2","54,5",2016,2020,2024,15.7,Avançado
PNSJ1,1,6E,100,E980,Myrceugenia mesomischa,10+9+5+8,"9,1+10,5+7,5+6,9","9,3+8,2+8,7+7,5",2016,2020,2024,15.7,Avançado
PNSJ1,1,6E,100,E984,Dicksonia sellowiana,120,124,129,2016,2020,2024,15.7,Avançado
PNSJ1,1,6E,100,E985,Ocotea porosa,"39+6+38+29,5+28","35,5+12+36+28,3+28,2","36,4+9,1+16,2+39,4+31+30,1",2016,2020,2024,15.7,Avançado
PNSJ1,1,6E,100,E986,Myrrhinium atropurpureum,33+39,"35,5+39,5","37,2+39",2016,2020,2024,15.7,Avançado
PNSJ1,1,6E,100,E987,Myrceugenia myrcioides,"23,5",,,2016,2020,2024,15.7,Avançado
PNSJ1,1,6E,100,E992,Myrceugenia myrcioides,"38,5+31","40,5+32,8","40,5+32,5",2016,2020,2024,15.7,Avançado
PNSJ1,1,6E,100,E993,Myrceugenia mesomischa,"15,5+11,3+9","13,8+17,5+10,5+10,3+10,5","9,2+10+9,5+14,5+20",2016,2020,2024,15.7,Avançado
PNSJ1,1,6E,100,F10,Myrceugenia myrcioides,,"6,2+18,5+6,5+7,4+13,4",18+13+5+7+5,2016,2020,2024,15.7,Avançado
PNSJ1,1,6E,100,F11,Myrceugenia regnelliana,18+7+16+16,"18,9+6,2+8,2+16,7+17,4","16,5+16+7+5",2016,2020,2024,15.7,Avançado
PNSJ1,1,6E,100,F12(E966),Myrceugenia mesomischa,"21,5+5+5+18,5","21,8+18,6+6,5+5,1","22,2+7,4+19,3+5,5",2016,2020,2024,15.7,Avançado
PNSJ1,1,6E,100,F13(E978),Myrceugenia myrcioides,34,"37,9","39,2",2016,2020,2024,15.7,Avançado
PNSJ1,1,6E,100,F14,Myrrhinium atropurpureum,44,"45,6",46,2016,2020,2024,15.7,Avançado
PNSJ1,1,6E,100,F15,Myrceugenia regnelliana,,"16,7+7,4+11,3+8+8,5+11,1+9,1+4+6,3+9+6,3+7+10,2+9,3+10,3","15+6+7+5+7+9+9+9+5+7,5+8,5+9+7,5+8,5",2016,2020,2024,15.7,Avançado
PNSJ1,1,6E,100,G12,Myrceugenia miersiana,,,"17,7",2016,2020,2024,15.7,Avançado
PNSJ1,1,6E,100,G44,Myrceugenia regnelliana,,,9+12+13,2016,2020,2024,15.7,Avançado
PNSJ1,1,6E,100,G57,Weinmannia paulliniifolia,27,"37,4",42+13,2016,2020,2024,15.7,Avançado
PNSJ1,1,7D,100,E271,Myrceugenia miersiana,"19+7+5,5","20,2+12,4+5",,2016,2020,2024,15.7,Avançado
PNSJ1,1,7D,100,E275,Citronella paniculata,"22,5","25,9","26,8",2016,2020,2024,15.7,Avançado
PNSJ1,1,7D,100,E280,Myrceugenia myrcioides,"22,5+17","24,4+19,8","23,5+19,6",2016,2020,2024,15.7,Avançado
PNSJ1,1,7D,100,E284,Weinmannia paulliniifolia,71,"81,8","85,4",2016,2020,2024,15.7,Avançado
PNSJ1,1,7D,100,E285,Myrceugenia myrcioides,20,"20,6","23,1",2016,2020,2024,15.7,Avançado
PNSJ1,1,7D,100,E289,Prunus myrtifolia,"22,9","24,6","25,9",2016,2020,2024,15.7,Avançado
PNSJ1,1,7D,100,E292,Myrceugenia mesomischa,"19,2","22,7","23,6",2016,2020,2024,15.7,Avançado
PNSJ1,1,7D,100,E294,Prunus myrtifolia,49,"50,4","52,2",2016,2020,2024,15.7,Avançado
PNSJ1,1,7D,100,E298,Siphoneugena reitzii,"52,5+14,5+12,5+12,5","55,4+14,5+12,6+15,7","57,9+15+16,8+12,5",2016,2020,2024,15.7,Avançado
PNSJ1,1,7D,100,E572,Baccharis dentata,"19,5","34,5",,2016,2020,2024,15.7,Avançado
PNSJ1,1,7D,100,E575,Drimys angustifolia,"35,6",,,2016,2020,2024,15.7,Avançado
PNSJ1,1,7D,100,E582,Drimys angustifolia,"23,3","26,5",,2016,2020,2024,15.7,Avançado
PNSJ1,1,7D,100,E585,Crinodendron brasiliense,"61+51,2","65,5+55,6","57,4",2016,2020,2024,15.7,Avançado
PNSJ1,1,7D,100,E587,Crinodendron brasiliense,"40,4","42,5","42,5",2016,2020,2024,15.7,Avançado
PNSJ1,1,7D,100,E588,Ilex microdonta,56,"61,3","63,8",2016,2020,2024,15.7,Avançado
PNSJ1,1,7D,100,E589,Azara uruguayensis,"71,9","74,4","80,9",2016,2020,2024,15.7,Avançado
PNSJ1,1,7D,100,E591,Prunus myrtifolia,"31,5",35,40,2016,2020,2024,15.7,Avançado
PNSJ1,1,7D,100,E592,Myrceugenia myrcioides,"17,8",,,2016,2020,2024,15.7,Avançado
PNSJ1,1,7D,100,E593,Symphyopappus itatiayensis,16,"18,5",,2016,2020,2024,15.7,Avançado
PNSJ1,1,7D,100,E594,Prunus myrtifolia,64,"66,5","67,3",2016,2020,2024,15.7,Avançado
PNSJ1,1,7D,100,E595,Ocotea porosa,"18,9","19,9",,2016,2020,2024,15.7,Avançado
PNSJ1,1,7D,100,E596,Myrceugenia miersiana,16,"17,3+7,8","17,3+7",2016,2020,2024,15.7,Avançado
PNSJ1,1,7D,100,E598,Myrceugenia oxysepala,17,17,17,2016,2020,2024,15.7,Avançado
PNSJ1,1,7D,100,E701,Citronella paniculata,45,49,54,2016,2020,2024,15.7,Avançado
PNSJ1,1,7D,100,E903,Weinmannia paulliniifolia,"26,8","33,2","39,4",2016,2020,2024,15.7,Avançado
PNSJ1,1,7D,100,F179,Baccharis dentata,,33,,2016,2020,2024,15.7,Avançado
PNSJ1,1,7D,100,F40,Drimys angustifolia,26,"27,9","27,9",2016,2020,2024,15.7,Avançado
PNSJ1,1,7D,100,F455,Baccharis dentata,,27,,2016,2020,2024,15.7,Avançado
PNSJ1,1,7D,100,G104,Drimys angustifolia,"45,8","52,1","58,2",2016,2020,2024,15.7,Avançado
PNSJ1,1,7D,100,G106,Myrceugenia myrcioides,"16+10,3","11,9+17,5","19,5+11,9",2016,2020,2024,15.7,Avançado
PNSJ1,1,7D,100,G122,Prunus myrtifolia,,,"15,9",2016,2020,2024,15.7,Avançado
PNSJ1,1,7D,100,G132,Eugenia uruguayensis,29,"31,5","31,5",2016,2020,2024,15.7,Avançado
PNSJ1,1,7D,100,G137,Myrsine coriacea,"26,5",28,"29,5",2016,2020,2024,15.7,Avançado
PNSJ1,1,7D,100,G139,Ilex microdonta,"31,5","35,8","37,1",2016,2020,2024,15.7,Avançado
PNSJ1,1,7D,100,G194,Myrsine coriacea,,,"24,5",2016,2020,2024,15.7,Avançado
PNSJ1,1,7D,100,G196,Solanum ramulosum,,,"16,4",2016,2020,2024,15.7,Avançado
PNSJ1,1,7E,100,E1064,Drimys angustifolia,"47,8","47,9",48,2016,2020,2024,15.7,Avançado
PNSJ1,1,7E,100,E1074,Myrceugenia myrcioides,"20,5","20,5","20,6",2016,2020,2024,15.7,Avançado
PNSJ1,1,7E,100,E1075,Drimys angustifolia,60,62,"62,1",2016,2020,2024,15.7,Avançado
PNSJ1,1,7E,100,E1076,Drimys angustifolia,"52,5",51,,2016,2020,2024,15.7,Avançado
PNSJ1,1,7E,100,E1077,Myrceugenia regnelliana,"12+11+7+11,5+14+7,5","14,5+10,6+7,7+10,3+11,7+8,8","10,4+10,9+10+11+9,4+13,9",2016,2020,2024,15.7,Avançado
PNSJ1,1,7E,100,E1078,Eugenia uruguayensis,"23,8","26,2","29,5",2016,2020,2024,15.7,Avançado
PNSJ1,1,7E,100,E1082,Drimys angustifolia,36,40,"41,5",2016,2020,2024,15.7,Avançado
PNSJ1,1,7E,100,E1084,Ocotea pulchella,18,"20,5","22,1",2016,2020,2024,15.7,Avançado
PNSJ1,1,7E,100,E1085,Drimys angustifolia,76,"75,1","75,1",2016,2020,2024,15.7,Avançado
PNSJ1,1,7E,100,E1086,Prunus myrtifolia,46,,,2016,2020,2024,15.7,Avançado
PNSJ1,1,7E,100,E1087,Prunus myrtifolia,47,48,"48,5",2016,2020,2024,15.7,Avançado
PNSJ1,1,7E,100,E1088,Dicksonia sellowiana,93,"96,9","83,6",2016,2020,2024,15.7,Avançado
PNSJ1,1,7E,100,E1089,Myrceugenia oxysepala,"24+21+19,5","24,6+19,5+21,4","25+19,5+22",2016,2020,2024,15.7,Avançado
PNSJ1,1,7E,100,E1090,Myrceugenia mesomischa,"13,5+6+6,5+12,5+7","13,5+6,5+12+8,5+9,5+11,8","12+5,5",2016,2020,2024,15.7,Avançado
PNSJ1,1,7E,100,E1092,Eugenia uruguayensis,95,"100,5","100,5",2016,2020,2024,15.7,Avançado
PNSJ1,1,7E,100,E1093,Myrceugenia myrcioides,16,"16,7","16,7",2016,2020,2024,15.7,Avançado
PNSJ1,1,7E,100,E1094,Baccharis dentata,"20,4","26,6",27,2016,2020,2024,15.7,Avançado
PNSJ1,1,7E,100,E978,Drimys angustifolia,154,155,163,2016,2020,2024,15.7,Avançado
PNSJ1,1,7E,100,E982,Myrceugenia regnelliana,"16,1+8","15,8+10,5","17,8+9,2",2016,2020,2024,15.7,Avançado
PNSJ1,1,7E,100,E983,Myrceugenia myrcioides,"20,4+18,3","18,1+18,5","19,1+17,5",2016,2020,2024,15.7,Avançado
PNSJ1,1,7E,100,E991,Prunus myrtifolia,"24,3","30,1","33,6",2016,2020,2024,15.7,Avançado
PNSJ1,1,7E,100,E995,Drimys angustifolia,56,"55,6",,2016,2020,2024,15.7,Avançado
PNSJ1,1,7E,100,F17,Baccharis dentata,,"25,9",,2016,2020,2024,15.7,Avançado
PNSJ1,1,7E,100,F19,Weinmannia paulliniifolia,35,"41,9","45,2",2016,2020,2024,15.7,Avançado
PNSJ1,1,7E,100,G100,Myrceugenia myrcioides,,,"15+6,5",2016,2020,2024,15.7,Avançado
PNSJ1,1,7E,100,G105,Myrceugenia regnelliana,,,"14,2+10,8",2016,2020,2024,15.7,Avançado
PNSJ1,1,7E,100,G108,Myrceugenia regnelliana,,,"12,4+9,3+12,9",2016,2020,2024,15.7,Avançado
PNSJ1,1,7E,100,G109,Myrceugenia regnelliana,"8,2+8,4+6+7,8+8,0","8,6+8,8+6,4+8,0+8,3","8,8+8,9+6,7+8,4+8,8",2016,2020,2024,15.7,Avançado
PNSJ1,1,7E,100,G120,Myrceugenia regnelliana,,,"12,2+8,7",2016,2020,2024,15.7,Avançado
PNSJ1,1,7E,100,G121,Myrceugenia regnelliana,,,"16,3",2016,2020,2024,15.7,Avançado
PNSJ1,1,7E,100,G138,Myrceugenia myrcioides,,,16+9,2016,2020,2024,15.7,Avançado
PNSJ1,1,7E,100,G185,Prunus myrtifolia,33,"38,5",42,2016,2020,2024,15.7,Avançado
PNSJ1,1,8D,100,E331,Myrceugenia regnelliana,"10,5+8+7+17","9,3+7+11,5+9,3+11,7+7,7","8,9+8,7+13,7+10+6",2016,2020,2024,15.7,Avançado
PNSJ1,1,8D,100,E333,Prunus myrtifolia,"26,5","28,8","29,5",2016,2020,2024,15.7,Avançado
PNSJ1,1,8D,100,E334,Dicksonia sellowiana,"80,3","81,1","90,6",2016,2020,2024,15.7,Avançado
PNSJ1,1,8D,100,E335,Dicksonia sellowiana,"82,5","82,9","83,5",2016,2020,2024,15.7,Avançado
PNSJ1,1,8D,100,E336,Drimys angustifolia,69,"72,3","72,3",2016,2020,2024,15.7,Avançado
PNSJ1,1,8D,100,E338,Weinmannia paulliniifolia,"67+54,4","61,5+71,9","65,3+78,7",2016,2020,2024,15.7,Avançado
PNSJ1,1,8D,100,E346,Symphyopappus itatiayensis,14+17,,,2016,2020,2024,15.7,Avançado
PNSJ1,1,8D,100,E351,Myrceugenia oxysepala,"27,5","32,8",35,2016,2020,2024,15.7,Avançado
PNSJ1,1,8D,100,E355,Ocotea pulchella,27,"30,5","31,5",2016,2020,2024,15.7,Avançado
PNSJ1,1,8D,100,E357,Myrceugenia regnelliana,"13+12,5+10,5+8,5+10,5","7,5+14,1+12+8+8,4+6","14+8+11,5+7+6,5+6+9+7,3+4+5",2016,2020,2024,15.7,Avançado
PNSJ1,1,8D,100,E358,Drimys angustifolia,67,74,76,2016,2020,2024,15.7,Avançado
PNSJ1,1,8D,100,E359,Prunus myrtifolia,"59,5+81,2","63,5+84,7",,2016,2020,2024,15.7,Avançado
PNSJ1,1,8D,100,E360,Persea willdenovii,"36,6","39,2","39,2",2016,2020,2024,15.7,Avançado
PNSJ1,1,8D,100,E702,Myrceugenia mesomischa,27,"13,5+32+11,4","16,3+24,4+23,3",2016,2020,2024,15.7,Avançado
PNSJ1,1,8D,100,E703,Ocotea pulchella,17,"25,5","27,3",2016,2020,2024,15.7,Avançado
PNSJ1,1,8D,100,F38,Myrceugenia oxysepala,19,"20,9","23,1",2016,2020,2024,15.7,Avançado
PNSJ1,1,8D,100,F39,Prunus myrtifolia,20,"20,5","20,5",2016,2020,2024,15.7,Avançado
PNSJ1,1,8D,100,G124,Myrceugenia regnelliana,16+14,17+15,"18,2+16",2016,2020,2024,15.7,Avançado
PNSJ1,1,8D,100,G195,Eugenia uruguayensis,51,53,55,2016,2020,2024,15.7,Avançado
PNSJ1,1,8E,100,E1000,Dicksonia sellowiana,118,"120,5",119,2016,2020,2024,15.7,Avançado
PNSJ1,1,8E,100,E1001,Myrceugenia regnelliana,16,"16,5",15+5+6,2016,2020,2024,15.7,Avançado
PNSJ1,1,8E,100,E1063,Myrceugenia myrcioides,"11+14,5","14,7+12,2",16+11,2016,2020,2024,15.7,Avançado
PNSJ1,1,8E,100,E1065,Eugenia uruguayensis,27,"29,1","31,7",2016,2020,2024,15.7,Avançado
PNSJ1,1,8E,100,E1067,Weinmannia paulliniifolia,170,171,179,2016,2020,2024,15.7,Avançado
PNSJ1,1,8E,100,E1068,Prunus myrtifolia,"35,5","35,6","35,6",2016,2020,2024,15.7,Avançado
PNSJ1,1,8E,100,E1069,Myrceugenia myrcioides,16,"17,1","17,5",2016,2020,2024,15.7,Avançado
PNSJ1,1,8E,100,E1070,Prunus myrtifolia,27,"28,1","28,5",2016,2020,2024,15.7,Avançado
PNSJ1,1,8E,100,E1072,Dicksonia sellowiana,123,"123,5",130,2016,2020,2024,15.7,Avançado
PNSJ1,1,8E,100,E1080,Drimys angustifolia,63,"64,5","67,6",2016,2020,2024,15.7,Avançado
PNSJ1,1,8E,100,E1081,Myrceugenia oxysepala,24+17+30+20+10,"24,5+22,3+17,8+21,5+30,7","17+24+17,5+21+23,5",2016,2020,2024,15.7,Avançado
PNSJ1,1,8E,100,E993,Weinmannia paulliniifolia,56,,,2016,2020,2024,15.7,Avançado
PNSJ1,1,8E,100,E996,Weinmannia paulliniifolia,30,"30,5","30,5",2016,2020,2024,15.7,Avançado
PNSJ1,1,8E,100,E997,Drimys angustifolia,42,"42,5",43,2016,2020,2024,15.7,Avançado
PNSJ1,1,8E,100,E998,Weinmannia paulliniifolia,155,156,158,2016,2020,2024,15.7,Avançado
PNSJ1,1,8E,100,E999,Symphyopappus itatiayensis,23,25,,2016,2020,2024,15.7,Avançado
PNSJ1,1,8E,100,F21(E1071),Dicksonia sellowiana,88,122,134,2016,2020,2024,15.7,Avançado
PNSJ1,1,8E,100,F22,Ilex microdonta,,"19,4",20,2016,2020,2024,15.7,Avançado
PNSJ1,1,8E,100,F23,Araucaria angustifolia,,"16,5","18,5",2016,2020,2024,15.7,Avançado
PNSJ1,1,8E,100,F24(E1066),Dicksonia sellowiana,77,87,"125,7",2016,2020,2024,15.7,Avançado
PNSJ1,1,8E,100,G127,Solanum ramulosum,,,"17,6",2016,2020,2024,15.7,Avançado
PNSJ1,1,8E,100,G53,Baccharis dentata,"18,4","33,5","39,6",2016,2020,2024,15.7,Avançado
PNSJ1,1,8E,100,G559,Weinmannia paulliniifolia,27+30,"33,1+36,5","40,7",2016,2020,2024,15.7,Avançado
PNSJ1,1,9D,100,E186,Drimys angustifolia,"43,5",,,2016,2020,2024,15.7,Avançado
PNSJ1,1,9D,100,E204,Drimys angustifolia,"52,5","57,5","59,5",2016,2020,2024,15.7,Avançado
PNSJ1,1,9D,100,E205,Eugenia uruguayensis,"37,5","38,4","38,5",2016,2020,2024,15.7,Avançado
PNSJ1,1,9D,100,E206,Prunus myrtifolia,"46,5",49,49,2016,2020,2024,15.7,Avançado
PNSJ1,1,9D,100,E207,Drimys angustifolia,"36,6",,,2016,2020,2024,15.7,Avançado
PNSJ1,1,9D,100,E208,Drimys angustifolia,87,"87,9","91,2",2016,2020,2024,15.7,Avançado
PNSJ1,1,9D,100,E209,Persea willdenovii,"41,5",44,47,2016,2020,2024,15.7,Avançado
PNSJ1,1,9D,100,E210,Drimys angustifolia,"27,5",31,33,2016,2020,2024,15.7,Avançado
PNSJ1,1,9D,100,E332,Drimys angustifolia,"65,5","75,3",78,2016,2020,2024,15.7,Avançado
PNSJ1,1,9D,100,E337,Eugenia uruguayensis,"19,8","22,8","22,8",2016,2020,2024,15.7,Avançado
PNSJ1,1,9D,100,E339,Citronella paniculata,"60,5","64,4",67,2016,2020,2024,15.7,Avançado
PNSJ1,1,9D,100,E340,Drimys angustifolia,"53,3",,,2016,2020,2024,15.7,Avançado
PNSJ1,1,9D,100,E341,Prunus myrtifolia,"19,5","21,6",23,2016,2020,2024,15.7,Avançado
PNSJ1,1,9D,100,E342,Drimys angustifolia,"58,8","58,2","58,2",2016,2020,2024,15.7,Avançado
PNSJ1,1,9D,100,E343,Dicksonia sellowiana,101,"103,7","122,6",2016,2020,2024,15.7,Avançado
PNSJ1,1,9D,100,E344,Myrceugenia myrcioides,"31+15,5+10+12,5","30,5+15,5+12,5","29+15,5+12,5",2016,2020,2024,15.7,Avançado
PNSJ1,1,9D,100,E345,Drimys angustifolia,"38,5","38,6","38,7",2016,2020,2024,15.7,Avançado
PNSJ1,1,9D,100,E347,Myrceugenia myrcioides,"16,7+25","16,7+22,6",17+23,2016,2020,2024,15.7,Avançado
PNSJ1,1,9D,100,E348,Drimys angustifolia,"53,5","61,1","66,8",2016,2020,2024,15.7,Avançado
PNSJ1,1,9D,100,E349,Weinmannia paulliniifolia,"20,5",,,2016,2020,2024,15.7,Avançado
PNSJ1,1,9D,100,E350,Drimys angustifolia,"52,5","54,2",,2016,2020,2024,15.7,Avançado
PNSJ1,1,9D,100,E352,Ocotea pulchella,36,"39,6","41,1",2016,2020,2024,15.7,Avançado
PNSJ1,1,9D,100,E353,Dicksonia sellowiana,"57,6","58,1","57,3",2016,2020,2024,15.7,Avançado
PNSJ1,1,9D,100,E354,Myrceugenia oxysepala,"17,5","13,5+17,6","19,3+13,5",2016,2020,2024,15.7,Avançado
PNSJ1,1,9D,100,E603,Drimys angustifolia,49+57,"53,9+62,1","61,4+67",2016,2020,2024,15.7,Avançado
PNSJ1,1,9D,100,F34,Weinmannia paulliniifolia,31,"36,4",37,2016,2020,2024,15.7,Avançado
PNSJ1,1,9D,100,F35(E187),Drimys angustifolia,"50,6","52,8","53,4",2016,2020,2024,15.7,Avançado
PNSJ1,1,9D,100,F36,Prunus myrtifolia,24,24,24,2016,2020,2024,15.7,Avançado
PNSJ1,1,9D,100,F37,Myrceugenia myrcioides,,22,"27,4",2016,2020,2024,15.7,Avançado
PNSJ1,1,9D,100,G123,Weinmannia paulliniifolia,,,"21,1",2016,2020,2024,15.7,Avançado
PNSJ1,1,9D,100,G125,Drimys angustifolia,,,"18,5",2016,2020,2024,15.7,Avançado
PNSJ1,1,9D,100,G126,Berberis laurina,,"17,1","17,6",2016,2020,2024,15.7,Avançado
PNSJ1,1,9D,100,G192,Dicksonia sellowiana,66,"69,8","69,8",2016,2020,2024,15.7,Avançado
PNSJ1,1,9D,100,G193,Prunus myrtifolia,,,17+13,2016,2020,2024,15.7,Avançado
PNSJ1,1,9E,100,E1002,Myrceugenia myrcioides,20+12+17,"17+24,5","17,6+15,7+20,5",2016,2020,2024,15.7,Avançado
PNSJ1,1,9E,100,E1003,Weinmannia paulliniifolia,158,"158,2","161,8",2016,2020,2024,15.7,Avançado
PNSJ1,1,9E,100,E1004,Prunus myrtifolia,"20,5",22,"22,4",2016,2020,2024,15.7,Avançado
PNSJ1,1,9E,100,E1005,Prunus myrtifolia,29,"33,5",38,2016,2020,2024,15.7,Avançado
PNSJ1,1,9E,100,E1006,Drimys angustifolia,46,48,"51,5",2016,2020,2024,15.7,Avançado
PNSJ1,1,9E,100,E1007,Myrceugenia regnelliana,"9+9,5+9,5+7,5+20","9,5+7,5+18,5+11,8+9","19+5+6+7,5+9,5+8+8,5",2016,2020,2024,15.7,Avançado
PNSJ1,1,9E,100,E1008,Drimys angustifolia,"56,5","59,5",61,2016,2020,2024,15.7,Avançado
PNSJ1,1,9E,100,E1009,Myrceugenia regnelliana,"9+12+8+8,5","8,3+6,7+9,6+13,2+10,2","10,2+13,1+9,9+6,6+8,2",2016,2020,2024,15.7,Avançado
PNSJ1,1,9E,100,E1010,Weinmannia paulliniifolia,88,90,"99,4",2016,2020,2024,15.7,Avançado
PNSJ1,1,9E,100,E1012,Drimys angustifolia,67,"74,7",77,2016,2020,2024,15.7,Avançado
PNSJ1,1,9E,100,E1013,Weinmannia paulliniifolia,"54,5","57,3","58,5",2016,2020,2024,15.7,Avançado
PNSJ1,1,9E,100,E1014,Ocotea pulchella,31+36,"31,5+36,5",37+32,2016,2020,2024,15.7,Avançado
PNSJ1,1,9E,100,E1016,Prunus myrtifolia,22,"23,1","23,6",2016,2020,2024,15.7,Avançado
PNSJ1,1,9E,100,E1017,Ilex microdonta,"18,5","19,6","20,1",2016,2020,2024,15.7,Avançado
PNSJ1,1,9E,100,E1019,Siphoneugena reitzii,"23,2","24,6","26,1",2016,2020,2024,15.7,Avançado
PNSJ1,1,9E,100,E1022,Drimys angustifolia,25,"28,8",,2016,2020,2024,15.7,Avançado
PNSJ1,1,9E,100,E1023,Ilex microdonta,16,"17,5",,2016,2020,2024,15.7,Avançado
PNSJ1,1,9E,100,E1024,Drimys angustifolia,63,60,65,2016,2020,2024,15.7,Avançado
PNSJ1,1,9E,100,F25,Myrceugenia miersiana,20+17,"21+17,3","21,6+17,5",2016,2020,2024,15.7,Avançado
PNSJ1,1,9E,100,F26(E1015),Myrceugenia regnelliana,"7+15+13+7,5+12+13+8","13,5+10,5+7,4+15,5+7,4+16+12,5+11,5+6,5+5,4","5,3+6+8,4+10,6+11,5+6,4+8+8,4+14+6,3",2016,2020,2024,15.7,Avançado
PNSJ1,1,9E,100,G197,Myrceugenia myrcioides,,,15+9+8+6,2016,2020,2024,15.7,Avançado
PNSJ1,1,9E,100,G56,Prunus myrtifolia,"53,5","54,1","56,4",2016,2020,2024,15.7,Avançado
PNSJ2,2,10D,100,E225,Solanum pabstii,17,"24,1",,2016,2020,2024,15.7,Inicial/Intermediario
PNSJ2,2,10D,100,E230,Araucaria angustifolia,127,"135,5","135,8",2016,2020,2024,15.7,Inicial/Intermediario
PNSJ2,2,10D,100,E231,Drimys angustifolia,"12,5+9,5+10,8+9,5+6+10+8,5+9+11,5","15,4+10,9+14,1+10,9+20+15,5+13+12+10+8+9,1","29,9+25,9+15+19,5+16,1+10,1+7,8+18,9+20,8+12,3+16,2",2016,2020,2024,15.7,Inicial/Intermediario
PNSJ2,2,10D,100,E232,Ilex paraguariensis,"14,5+16","17,5+23","20,2+30,2",2016,2020,2024,15.7,Inicial/Intermediario
PNSJ2,2,10D,100,E661,Mimosa scabrella,"26,7",37,,2016,2020,2024,15.7,Inicial/Intermediario
PNSJ2,2,10D,100,F119,Drimys angustifolia,,"17,3","27,9",2016,2020,2024,15.7,Inicial/Intermediario
PNSJ2,2,10D,100,F120(E228),Vernonanthura discolor,"38,4","49,5","55,6",2016,2020,2024,15.7,Inicial/Intermediario
PNSJ2,2,10D,100,F121,Ilex paraguariensis,,"18,1",,2016,2020,2024,15.7,Inicial/Intermediario
PNSJ2,2,10D,100,G936,Mimosa scabrella,45+14,"66,3+19,8","74,6",2016,2020,2024,15.7,Inicial/Intermediario
PNSJ2,2,10D,100,G944,Drimys angustifolia,,,"20,5",2016,2020,2024,15.7,Inicial/Intermediario
PNSJ2,2,10D,100,G945,Ilex paraguariensis,,"19,8+12,9","24,1",2016,2020,2024,15.7,Inicial/Intermediario
PNSJ2,2,10D,100,G952,Drimys angustifolia,,,"16,3+10+11,9+3,5",2016,2020,2024,15.7,Inicial/Intermediario
PNSJ2,2,10D,100,G960,Drimys angustifolia,,,"21,6+12,1+13",2016,2020,2024,15.7,Inicial/Intermediario
PNSJ2,2,10D,100,G997,Ilex paraguariensis,,,"17,7+10,2",2016,2020,2024,15.7,Inicial/Intermediario
PNSJ2,2,10E,100,E768,Mimosa scabrella,"15+12,5+5,5",,,2016,2020,2024,15.7,Inicial/Intermediario
PNSJ2,2,10E,100,E770,Drimys angustifolia,"18,5+6+7,5+6+10+17+9,5","21,5+9,6+21+14+13,5","21+16,5+8,5+10+24+12+5+22",2016,2020,2024,15.7,Inicial/Intermediario
PNSJ2,2,10E,100,E775,Drimys angustifolia,"19,5+7","16+15,9+10,6","34+14,5",2016,2020,2024,15.7,Inicial/Intermediario
PNSJ2,2,10E,100,E781,Baccharis uncinella,"20,5+17,5+10,7+12,9+8,5",,,2016,2020,2024,15.7,Inicial/Intermediario
PNSJ2,2,10E,100,E789,Mimosa scabrella,"18,5","24,5","29,1",2016,2020,2024,15.7,Inicial/Intermediario
PNSJ2,2,10E,100,E794,Baccharis uncinella,"8,5+14,5+13,2+7,5+17+12,5+13,5+14,5+9+12+14,5+12,3",,,2016,2020,2024,15.7,Inicial/Intermediario
PNSJ2,2,10E,100,F109(E766),Mimosa scabrella,"28,5","33,6",37,2016,2020,2024,15.7,Inicial/Intermediario
PNSJ2,2,10E,100,F110(E772),Mimosa scabrella,40,59,72,2016,2020,2024,15.7,Inicial/Intermediario
PNSJ2,2,10E,100,F111(E771),Mimosa scabrella,27,"42,9","48,8",2016,2020,2024,15.7,Inicial/Intermediario
PNSJ2,2,10E,100,F114(E778),Mimosa scabrella,"23,7","44,7",53,2016,2020,2024,15.7,Inicial/Intermediario
PNSJ2,2,10E,100,F116,Vernonanthura discolor,,"17,9+12,6",,2016,2020,2024,15.7,Inicial/Intermediario
PNSJ2,2,10E,100,F118(E773),Mimosa scabrella,"18,8","18,5",,2016,2020,2024,15.7,Inicial/Intermediario
PNSJ2,2,10E,100,G534,Mimosa scabrella,"22,5","39,5","46,5",2016,2020,2024,15.7,Inicial/Intermediario
PNSJ2,2,10E,100,G562,Vernonanthura discolor,,,17,2016,2020,2024,15.7,Inicial/Intermediario
PNSJ2,2,10E,100,G572,Ilex paraguariensis,,22,"29,5",2016,2020,2024,15.7,Inicial/Intermediario
PNSJ2,2,10E,100,G574,Mimosa scabrella,25,43,"62,2",2016,2020,2024,15.7,Inicial/Intermediario
PNSJ2,2,10E,100,G585,Drimys angustifolia,,,"19,5",2016,2020,2024,15.7,Inicial/Intermediario
PNSJ2,2,10E,100,G941,Ilex paraguariensis,,19,"23,1",2016,2020,2024,15.7,Inicial/Intermediario
PNSJ2,2,10E,100,G943,Mimosa scabrella,"36,5+11","52,2","56,5",2016,2020,2024,15.7,Inicial/Intermediario
PNSJ2,2,10E,100,G946,Mimosa scabrella,"35,5","66,9","84,8",2016,2020,2024,15.7,Inicial/Intermediario
PNSJ2,2,10E,100,G987,Mimosa scabrella,"38,5","43,5","79,8",2016,2020,2024,15.7,Inicial/Intermediario
PNSJ2,2,1D,100,E111,Araucaria angustifolia,"120,5","123,5","123,8",2016,2020,2024,15.7,Inicial/Intermediario
PNSJ2,2,1D,100,E115,Drimys angustifolia,"13,5+13,6+12,6","20,1+8,5+25,5","38,5+27,4+37,7",2016,2020,2024,15.7,Inicial/Intermediario
PNSJ2,2,1D,100,F67,Myrceugenia euosma,15+14,"20,5+19,5","25+24,3",2016,2020,2024,15.7,Inicial/Intermediario
PNSJ2,2,1D,100,G1010,Myrceugenia euosma,"16,9+19,8","17,9+20,8","18,9+21,8",2016,2020,2024,15.7,Inicial/Intermediario
PNSJ2,2,1D,100,G1014,Baccharis uncinella,"19+20,4+16+15,2+12+17,5+13+18+14",21,"22,9",2016,2020,2024,15.7,Inicial/Intermediario
PNSJ2,2,1D,100,G1018,Myrsine coriacea,,,21,2016,2020,2024,15.7,Inicial/Intermediario
PNSJ2,2,1D,100,G1036,Drimys angustifolia,"14+11+10,8+14,8+9,5+12,4+8","16,9+28+21+14+16+17,1+11,5+21+9,1","29,6+21,2+34,5+10,7+22+37,8+17,6+16,6+22,9",2016,2020,2024,15.7,Inicial/Intermediario
PNSJ2,2,1D,100,G1041,Myrceugenia euosma,,,"16,2+12,7+6,4",2016,2020,2024,15.7,Inicial/Intermediario
PNSJ2,2,1D,100,G1073,Myrceugenia euosma,"18,1+14,6+6+8,8+8,7+9,6","19,1+15,6+7+9,8+9,7+10,6","20,1+16,6+8+10,8+10,7+11,6",2016,2020,2024,15.7,Inicial/Intermediario
PNSJ2,2,1D,100,G1080,Ilex paraguariensis,,"24,5",32,2016,2020,2024,15.7,Inicial/Intermediario
PNSJ2,2,1D,100,G981,Drimys angustifolia,,"21+26,5+18,3","34+29,5+20,5",2016,2020,2024,15.7,Inicial/Intermediario
PNSJ2,2,1E,100,E604,Baccharis uncinella,10+11+19+8+9+18,"22+23,4+19",,2016,2020,2024,15.7,Inicial/Intermediario
PNSJ2,2,1E,100,E605,Campovassouria cruciata,8+19+14+15,"19,5+14,6+13,7+13,5",,2016,2020,2024,15.7,Inicial/Intermediario
PNSJ2,2,1E,100,E606,Araucaria angustifolia,50,58,"64,4",2016,2020,2024,15.7,Inicial/Intermediario
PNSJ2,2,1E,100,E607,Drimys angustifolia,25+11,"40,3+15,5","42,1+15,5",2016,2020,2024,15.7,Inicial/Intermediario
PNSJ2,2,1E,100,E612,Baccharis uncinella,"12+12+10+9+7,5","15,1+8,5+14,6+9,5+11,2",,2016,2020,2024,15.7,Inicial/Intermediario
PNSJ2,2,1E,100,F42,Campovassouria cruciata,,"16,9+12",,2016,2020,2024,15.7,Inicial/Intermediario
PNSJ2,2,1E,100,F44(E611),Baccharis uncinella,9+9+10+11,"17,5+14+14,7+12,9",,2016,2020,2024,15.7,Inicial/Intermediario
PNSJ2,2,1E,100,G1038,Mimosa scabrella,"18,5","40,1",43,2016,2020,2024,15.7,Inicial/Intermediario
PNSJ2,2,1E,100,G573,Drimys angustifolia,,,"19,2",2016,2020,2024,15.7,Inicial/Intermediario
PNSJ2,2,2D,100,E105,Drimys angustifolia,"8,5+16,2+7+18,6+7,5","13,4+21,3+27,5+12,3+8,4","20,8+28,7+44,6+36,1+12,5",2016,2020,2024,15.7,Inicial/Intermediario
PNSJ2,2,2D,100,E108,Drimys angustifolia,"16+7,4+11,2+14,2+8,6","22,1+16,4+21,9+7,4+7,9","20,1+25,6+32,4+28+9,7",2016,2020,2024,15.7,Inicial/Intermediario
PNSJ2,2,2D,100,E112,Drimys angustifolia,"17,6+15,2+12,5","24,3+17,3+18,5","30,3+8,9+23,2",2016,2020,2024,15.7,Inicial/Intermediario
PNSJ2,2,2D,100,E118,Baccharis uncinella,"10,5+12,3+11,4+10,8+8,5+11,5+26,5+22+7,8+14+6,6+16+14,6",,,2016,2020,2024,15.7,Inicial/Intermediario
PNSJ2,2,2D,100,E96,Baccharis uncinella,"15+9+11,5+9,5+14,3+11+12+7,7+18+7,6",,,2016,2020,2024,15.7,Inicial/Intermediario
PNSJ2,2,2D,100,F64(E106),Drimys angustifolia,17,"24,5",,2016,2020,2024,15.7,Inicial/Intermediario
PNSJ2,2,2E,100,E613,Baccharis uncinella,"12+9+15,2+12,2",,,2016,2020,2024,15.7,Inicial/Intermediario
PNSJ2,2,2E,100,E614,Symphyopappus itatiayensis,16,"18,2",19,2016,2020,2024,15.7,Inicial/Intermediario
PNSJ2,2,2E,100,E615,Drimys angustifolia,"22,5",31,"40,5",2016,2020,2024,15.7,Inicial/Intermediario
PNSJ2,2,2E,100,E616,Drimys angustifolia,20+14,20+14,20,2016,2020,2024,15.7,Inicial/Intermediario
PNSJ2,2,2E,100,E617,Drimys angustifolia,"28,5+31+16","28,7+38,5+17,1","28,1+48+15",2016,2020,2024,15.7,Inicial/Intermediario
PNSJ2,2,2E,100,E619,Campovassouria cruciata,"12+8+6+15+19+14+13,5+9","23,5+16,9+13+12,6",,2016,2020,2024,15.7,Inicial/Intermediario
PNSJ2,2,2E,100,E620,Baccharis microdonta,12+13+9+6,"12,3+15,1+13,1+10,4",,2016,2020,2024,15.7,Inicial/Intermediario
PNSJ2,2,2E,100,E621,Araucaria angustifolia,41,"41,5",,2016,2020,2024,15.7,Inicial/Intermediario
PNSJ2,2,2E,100,E624,Drimys angustifolia,27,36,"43,5",2016,2020,2024,15.7,Inicial/Intermediario
PNSJ2,2,2E,100,E629,Drimys angustifolia,"9,5+3,5+15,5+10","9,9+18,5+11,4+17,4","18,1+11,9+19,7+16,1",2016,2020,2024,15.7,Inicial/Intermediario
PNSJ2,2,2E,100,F45(E618),Campovassouria cruciata,"15+13,3+7,5","15,6+9,5+8,5+8+8,2",,2016,2020,2024,15.7,Inicial/Intermediario
PNSJ2,2,2E,100,G1007,Drimys angustifolia,,,"20,2",2016,2020,2024,15.7,Inicial/Intermediario
PNSJ2,2,2E,100,G1011,Myrceugenia euosma,,,"17,6+12,5+11,1",2016,2020,2024,15.7,Inicial/Intermediario
PNSJ2,2,2E,100,G1026,Drimys angustifolia,"15,5+19,5","22,6+25,2","32,8+36,3",2016,2020,2024,15.7,Inicial/Intermediario
PNSJ2,2,2E,100,G1027,Drimys angustifolia,,,"29,5",2016,2020,2024,15.7,Inicial/Intermediario
PNSJ2,2,2E,100,G1039,Drimys angustifolia,,,"27,4",2016,2020,2024,15.7,Inicial/Intermediario
PNSJ2,2,2E,100,G1076,Drimys angustifolia,,,"16,3",2016,2020,2024,15.7,Inicial/Intermediario
PNSJ2,2,2E,100,G1084,Drimys angustifolia,,,"21,5",2016,2020,2024,15.7,Inicial/Intermediario
PNSJ2,2,2E,100,G1087,Drimys angustifolia,"24,6","43,5",59,2016,2020,2024,15.7,Inicial/Intermediario
PNSJ2,2,3D,100,E104,Drimys angustifolia,"11+12,5","14,3+19,5","18,2+29",2016,2020,2024,15.7,Inicial/Intermediario
PNSJ2,2,3D,100,E107,Aiouea amoena,"106,5",106,106,2016,2020,2024,15.7,Inicial/Intermediario
PNSJ2,2,3D,100,E110,Baccharis uncinella,"15,5+8+14,5+13+13+9+10,5+9,5+16+9,5+11,6",,,2016,2020,2024,15.7,Inicial/Intermediario
PNSJ2,2,3D,100,E113,Aiouea amoena,179,179,"180,3",2016,2020,2024,15.7,Inicial/Intermediario
PNSJ2,2,3D,100,E116,Drimys angustifolia,11+13+5,"15,5+14,2","22,6+16,7",2016,2020,2024,15.7,Inicial/Intermediario
PNSJ2,2,3D,100,F61,Drimys angustifolia,,"16,5","24,1",2016,2020,2024,15.7,Inicial/Intermediario
PNSJ2,2,3D,100,F62(E103),Vernonanthura discolor,41,"58,2",,2016,2020,2024,15.7,Inicial/Intermediario
PNSJ2,2,3D,100,G1008,Drimys angustifolia,,,"25,3+18,5",2016,2020,2024,15.7,Inicial/Intermediario
PNSJ2,2,3D,100,G1025,Vernonanthura discolor,,"26,5","72,6",2016,2020,2024,15.7,Inicial/Intermediario
PNSJ2,2,3D,100,G1034,Vernonanthura discolor,,,36,2016,2020,2024,15.7,Inicial/Intermediario
PNSJ2,2,3E,100,E625,Araucaria angustifolia,"92,5",97,97,2016,2020,2024,15.7,Inicial/Intermediario
PNSJ2,2,3E,100,E627,Campovassouria cruciata,"9,8+10,5+9+10,5+9,2",,,2016,2020,2024,15.7,Inicial/Intermediario
PNSJ2,2,3E,100,E630,Baccharis uncinella,"10,5+10+7+8,2+7,5+8,2","15,6+11,5",,2016,2020,2024,15.7,Inicial/Intermediario
PNSJ2,2,3E,100,E631,Baccharis uncinella,"17+11+12,8+18,2+16","22,3+18,5+18,5+27,6+12,5",,2016,2020,2024,15.7,Inicial/Intermediario
PNSJ2,2,3E,100,E632,Baccharis uncinella,"15,6+20,2+16+14,4+17,6+25,2",,,2016,2020,2024,15.7,Inicial/Intermediario
PNSJ2,2,3E,100,E633,Schinus sp.,"9,5+10,6+11,4+11,9+10,2","13+10,4+14,5+12,4+9,5","12+14,5+16+12+13",2016,2020,2024,15.7,Inicial/Intermediario
PNSJ2,2,3E,100,G882,Araucaria angustifolia,,"24,9",31,2016,2020,2024,15.7,Inicial/Intermediario
PNSJ2,2,3E,100,G973,Myrceugenia euosma,"10,5+13+8+8+11+10","8,5+7,5+11,5+10,5+5,5+5,5+6,7+12,3+8,8+9,5+10,8+7,5","12,5+8,5+6,5+7+8,5+10+16+11,2+6+7",2016,2020,2024,15.7,Inicial/Intermediario
PNSJ2,2,4D,100,E101,Baccharis sp.,"17+15,5+13+10,8+11,2+12,3","18,6+19,6+16",,2016,2020,2024,15.7,Inicial/Intermediario
PNSJ2,2,4D,100,E114,Baccharis uncinella,"9+7,5+18+13+16,5+19+11,5",,,2016,2020,2024,15.7,Inicial/Intermediario
PNSJ2,2,4D,100,G1017,Myrsine coriacea,,,17,2016,2020,2024,15.7,Inicial/Intermediario
PNSJ2,2,4D,100,G986,Mimosa scabrella,"37,5","77,5","93,9",2016,2020,2024,15.7,Inicial/Intermediario
PNSJ2,2,4D,100,G989,Myrsine coriacea,,"18,7","26,6",2016,2020,2024,15.7,Inicial/Intermediario
PNSJ2,2,4E,100,E634,Myrceugenia euosma,"13+12+7,5+8+6","18,7+18,1+8+4,5+8,3+8,4+9,8","21,3+8,1+19,5+14+16,1+11,4+19,7",2016,2020,2024,15.7,Inicial/Intermediario
PNSJ2,2,4E,100,E635,Baccharis uncinella,"13,2+10,4+8,3+8+9",,,2016,2020,2024,15.7,Inicial/Intermediario
PNSJ2,2,4E,100,E636,Baccharis uncinella,"20,9+19,9+14,2+16,1+12+13,6+7,2+14",,,2016,2020,2024,15.7,Inicial/Intermediario
PNSJ2,2,4E,100,E639,Drimys angustifolia,"16+7,5","22,4+8","29,6+8,9",2016,2020,2024,15.7,Inicial/Intermediario
PNSJ2,2,4E,100,E640,Araucaria angustifolia,"94,5","100,4","102,4",2016,2020,2024,15.7,Inicial/Intermediario
PNSJ2,2,4E,100,E643,Myrceugenia euosma,"8,9+13,5+10,5+6+6,4+5,9+7,5+5,5+5,6","9,1+11,1+10,2+5,4+10,9+7,1+9+6,4+5,9+5,4+5,9+4,8+6,5+6,2","16,5+15,6+12,6+16,8+10,6+14,7+8,5+9,8+9+7,2+6,9+15,8+9,4+7,4",2016,2020,2024,15.7,Inicial/Intermediario
PNSJ2,2,4E,100,F47,Myrsine coriacea,,"19,5",27,2016,2020,2024,15.7,Inicial/Intermediario
PNSJ2,2,4E,100,F49(E641),Baccharis uncinella,"13,4+14,2+11,2+20","13,4+26,8",,2016,2020,2024,15.7,Inicial/Intermediario
PNSJ2,2,4E,100,G1005,Ilex paraguariensis,,,"18,2",2016,2020,2024,15.7,Inicial/Intermediario
PNSJ2,2,4E,100,G1028,Ilex paraguariensis,,,"15,1+14,9",2016,2020,2024,15.7,Inicial/Intermediario
PNSJ2,2,4E,100,G1032,Drimys angustifolia,"6,5+12,1+14,5","23,7+27+11","15,5+26+34",2016,2020,2024,15.7,Inicial/Intermediario
PNSJ2,2,4E,100,G1035,Myrceugenia euosma,,"7,5+7,5+8,3+11,5+8,5+8,9+7,5+8,4+12,5+9,5+7,5","5+9+15+12+7,5+7+9+8+6,5+18+9",2016,2020,2024,15.7,Inicial/Intermediario
PNSJ2,2,4E,100,G1037,Clethra scabra,,,"21,6",2016,2020,2024,15.7,Inicial/Intermediario
PNSJ2,2,4E,100,G1040,Myrsine coriacea,,,"18,1",2016,2020,2024,15.7,Inicial/Intermediario
PNSJ2,2,4E,100,G1044,Symphyopappus itatiayensis,,,"13,3+13,2+11,6",2016,2020,2024,15.7,Inicial/Intermediario
PNSJ2,2,4E,100,G1049,Symphyopappus itatiayensis,,,"12,4+11,1",2016,2020,2024,15.7,Inicial/Intermediario
PNSJ2,2,4E,100,G1060,Myrceugenia euosma,,"16,6+13,5+8+8,9+7,5+7,4+9+11+8,5","17+14+5+8+6,5+7+8+6,5+7+7,5",2016,2020,2024,15.7,Inicial/Intermediario
PNSJ2,2,4E,100,G1070,Drimys angustifolia,,,"17,2",2016,2020,2024,15.7,Inicial/Intermediario
PNSJ2,2,4E,100,G1085,Vernonanthura discolor,,"20,9+21,7",36+36,2016,2020,2024,15.7,Inicial/Intermediario
PNSJ2,2,4E,100,G978,Myrceugenia euosma,,,16,2016,2020,2024,15.7,Inicial/Intermediario
PNSJ2,2,4E,100,G979,Aiouea amoena,,,"16,1+12,4",2016,2020,2024,15.7,Inicial/Intermediario
PNSJ2,2,5D,100,E1041,Mimosa scabrella,"21,4",,,2016,2020,2024,15.7,Inicial/Intermediario
PNSJ2,2,5D,100,E1049,Mimosa scabrella,"21,4","31,5",38,2016,2020,2024,15.7,Inicial/Intermediario
PNSJ2,2,5D,100,E196,Mimosa scabrella,24,34,,2016,2020,2024,15.7,Inicial/Intermediario
PNSJ2,2,5D,100,E603,Mimosa scabrella,"16,1","18,4",,2016,2020,2024,15.7,Inicial/Intermediario
PNSJ2,2,5D,100,E609,Mimosa scabrella,"28,5","35,6",,2016,2020,2024,15.7,Inicial/Intermediario
PNSJ2,2,5D,100,E655,Mimosa scabrella,"32,8+8",,,2016,2020,2024,15.7,Inicial/Intermediario
PNSJ2,2,5D,100,E665,Araucaria angustifolia,128,129,"130,4",2016,2020,2024,15.7,Inicial/Intermediario
PNSJ2,2,5D,100,F69(E1032),Mimosa scabrella,"19,3+25,5+14,3","33,5",41,2016,2020,2024,15.7,Inicial/Intermediario
PNSJ2,2,5D,100,F70(E1031),Mimosa scabrella,"28,3","40,6","53,3",2016,2020,2024,15.7,Inicial/Intermediario
PNSJ2,2,5D,100,F71,Myrsine coriacea,,18,"21,4",2016,2020,2024,15.7,Inicial/Intermediario
PNSJ2,2,5D,100,F73(E1029),Mimosa scabrella,54+35,"48,9+64,4","66,5+53",2016,2020,2024,15.7,Inicial/Intermediario
PNSJ2,2,5D,100,F74(E201),Mimosa scabrella,"41,5","63,4","76,9",2016,2020,2024,15.7,Inicial/Intermediario
PNSJ2,2,5D,100,F75(E1052),Mimosa scabrella,"22,5+11","27,6+13,5",,2016,2020,2024,15.7,Inicial/Intermediario
PNSJ2,2,5D,100,F77(E1051),Mimosa scabrella,"26,8+11,5","43+12,5","52,6",2016,2020,2024,15.7,Inicial/Intermediario
PNSJ2,2,5D,100,G501,Myrsine coriacea,,,18,2016,2020,2024,15.7,Inicial/Intermediario
PNSJ2,2,5D,100,G554,Mimosa scabrella,"33+22,7+11","39,1",41,2016,2020,2024,15.7,Inicial/Intermediario
PNSJ2,2,5D,100,G655,Mimosa scabrella,"27+31,5+25+20","37,8+47,7+32,5","42+57+34,5",2016,2020,2024,15.7,Inicial/Intermediario
PNSJ2,2,5D,100,G934,Vernonanthura discolor,,,"19,9",2016,2020,2024,15.7,Inicial/Intermediario
PNSJ2,2,5D,100,G990,Mimosa scabrella,,,"27,2",2016,2020,2024,15.7,Inicial/Intermediario
PNSJ2,2,5D,100,G991,Myrceugenia euosma,,,"9,3+12,1+9,1+8,2",2016,2020,2024,15.7,Inicial/Intermediario
PNSJ2,2,5D,100,G992,Mimosa scabrella,,21,"22,7",2016,2020,2024,15.7,Inicial/Intermediario
PNSJ2,2,5D,100,G994,Mimosa scabrella,,,"13,2+14,2",2016,2020,2024,15.7,Inicial/Intermediario
PNSJ2,2,5D,100,G998,Myrsine coriacea,,,"16,4",2016,2020,2024,15.7,Inicial/Intermediario
PNSJ2,2,5E,100,E644,Baccharis uncinella,"15,5+12,8+15,9+7,9+8,6+11,4+10,6+5,6+6,4+7,4",,,2016,2020,2024,15.7,Inicial/Intermediario
PNSJ2,2,5E,100,E645,Baccharis uncinella,"18,5+13,7+11,2+10,7+10,2",,,2016,2020,2024,15.7,Inicial/Intermediario
PNSJ2,2,5E,100,E647,Baccharis uncinella,"14+11,9+15,2+13+14,5+13,9+9,5+8+13,2",,,2016,2020,2024,15.7,Inicial/Intermediario
PNSJ2,2,5E,100,E650,Baccharis uncinella,"9+10,6+11,3+8,5+9,6","17,3+12,5+18,8+10,5+11,5",,2016,2020,2024,15.7,Inicial/Intermediario
PNSJ2,2,5E,100,E651,Drimys angustifolia,"19,5","27,5",,2016,2020,2024,15.7,Inicial/Intermediario
PNSJ2,2,5E,100,E652,Drimys angustifolia,"9,7+11,5+15,7+15+17+7,7+6","24,3+19,5+24,3+11,5+12,3+7,3","12+12+6+24+15,5+20+20,1",2016,2020,2024,15.7,Inicial/Intermediario
PNSJ2,2,5E,100,E653,Drimys angustifolia,"12,9+10+17,6+6,1+14,1+16,9","20,3+13,2+10,5+22,2+19,3+25","22+13+27+11,4+24,5+29,5",2016,2020,2024,15.7,Inicial/Intermediario
PNSJ2,2,5E,100,E654,Drimys angustifolia,"11,9+10,4+8+7+11+11+9","16,4+13,4+12,5+8+10,5+10,2+7,1+13,2+10","7,5+9,5+7+7,5+27+21,5+12",2016,2020,2024,15.7,Inicial/Intermediario
PNSJ2,2,5E,100,E657,Baccharis uncinella,"15,9+8,4+12+13,5+8+10,5","17,2+13,1+14,9+8,3+10,5+11+17,5+10,5+9,5+12",,2016,2020,2024,15.7,Inicial/Intermediario
PNSJ2,2,5E,100,E658,Baccharis uncinella,"10+8,6+12+11",,,2016,2020,2024,15.7,Inicial/Intermediario
PNSJ2,2,5E,100,F53(E646),Drimys angustifolia,"6,9+9,2+7,6+10,9","16,4+17,5+9,5+8,5","19+10+25+8,5",2016,2020,2024,15.7,Inicial/Intermediario
PNSJ2,2,5E,100,F54,Myrsine coriacea,,"20,3",,2016,2020,2024,15.7,Inicial/Intermediario
PNSJ2,2,5E,100,G1009,Ilex paraguariensis,,,"12,8+24,3",2016,2020,2024,15.7,Inicial/Intermediario
PNSJ2,2,5E,100,G1030,Drimys angustifolia,,,"20+13,5",2016,2020,2024,15.7,Inicial/Intermediario
PNSJ2,2,5E,100,G1074,Drimys angustifolia,,,"15,9+11,2",2016,2020,2024,15.7,Inicial/Intermediario
PNSJ2,2,5E,100,G1081,Vernonanthura discolor,,,"23,5",2016,2020,2024,15.7,Inicial/Intermediario
PNSJ2,2,5E,100,G1082,Drimys angustifolia,,,"13,7+7,3+12,6",2016,2020,2024,15.7,Inicial/Intermediario
PNSJ2,2,5E,100,G1083,Myrsine coriacea,,"21,4","31,2",2016,2020,2024,15.7,Inicial/Intermediario
PNSJ2,2,5E,100,G1088,Drimys angustifolia,"6+9+8+16,9+6,1+15+13,4+5,6","25,8+12+12,5+18,5+20+8,7","22+24,5+8,5+9+32+14+12",2016,2020,2024,15.7,Inicial/Intermediario
PNSJ2,2,5E,100,G1090,Drimys angustifolia,,,"17,5+8",2016,2020,2024,15.7,Inicial/Intermediario
PNSJ2,2,5E,100,G561,Drimys angustifolia,,,"16,5+17",2016,2020,2024,15.7,Inicial/Intermediario
PNSJ2,2,5E,100,G980,Drimys angustifolia,,,"15,1+25,3+17,2",2016,2020,2024,15.7,Inicial/Intermediario
PNSJ2,2,5E,100,G984,Araucaria angustifolia,175,176,178,2016,2020,2024,15.7,Inicial/Intermediario
PNSJ2,2,5E,100,G987,Aiouea amoena,,,"20,9",2016,2020,2024,15.7,Inicial/Intermediario
PNSJ2,2,5E,100,G993,Vernonanthura discolor,,,"37,6",2016,2020,2024,15.7,Inicial/Intermediario
PNSJ2,2,6D,100,E1046,Mimosa scabrella,37,"46,3",,2016,2020,2024,15.7,Inicial/Intermediario
PNSJ2,2,6D,100,E199,Mimosa scabrella,"18,4",,,2016,2020,2024,15.7,Inicial/Intermediario
PNSJ2,2,6D,100,E200,Mimosa scabrella,16,"24,6",,2016,2020,2024,15.7,Inicial/Intermediario
PNSJ2,2,6D,100,E610,Mimosa scabrella,28,"35,4",,2016,2020,2024,15.7,Inicial/Intermediario
PNSJ2,2,6D,100,E649,Mimosa scabrella,"16,5","18,5","20,3",2016,2020,2024,15.7,Inicial/Intermediario
PNSJ2,2,6D,100,E659,Baccharis uncinella,"10+9+8+6,5+10,4+6,5+9,5+11+6",,,2016,2020,2024,15.7,Inicial/Intermediario
PNSJ2,2,6D,100,E662,Mimosa scabrella,"16+21+11,6+7",,,2016,2020,2024,15.7,Inicial/Intermediario
PNSJ2,2,6D,100,F80(E642),Mimosa scabrella,24,"35,7","40,6",2016,2020,2024,15.7,Inicial/Intermediario
PNSJ2,2,6D,100,F81(E1150),Mimosa scabrella,"34,6",45,"45,4",2016,2020,2024,15.7,Inicial/Intermediario
PNSJ2,2,6D,100,F82(E1047),Mimosa scabrella,"36,5+29",41+35,"46,5+41",2016,2020,2024,15.7,Inicial/Intermediario
PNSJ2,2,6D,100,G1071,Ilex paraguariensis,,20,"26,4",2016,2020,2024,15.7,Inicial/Intermediario
PNSJ2,2,6D,100,G1075,Ilex paraguariensis,21,27,"33,4",2016,2020,2024,15.7,Inicial/Intermediario
PNSJ2,2,6D,100,G566,Mimosa scabrella,"16+14+22+20+37,5","34,3+31,9+58,8","40+33,5+70",2016,2020,2024,15.7,Inicial/Intermediario
PNSJ2,2,6D,100,G70,Mimosa scabrella,,,24,2016,2020,2024,15.7,Inicial/Intermediario
PNSJ2,2,6D,100,G966,Mimosa scabrella,17,"28,2","35,5",2016,2020,2024,15.7,Inicial/Intermediario
PNSJ2,2,6D,100,G995,Vernonanthura discolor,,,"15,3+8,4",2016,2020,2024,15.7,Inicial/Intermediario
PNSJ2,2,6E,100,E904,Mimosa scabrella,"14+18,5","24,1+14,8",,2016,2020,2024,15.7,Inicial/Intermediario
PNSJ2,2,6E,100,E907,Mimosa scabrella,"17,5+15,5+14","24,5+20,3+24,5","27,6+34,1+26,2",2016,2020,2024,15.7,Inicial/Intermediario
PNSJ2,2,6E,100,E908,Mimosa scabrella,31+28+11+7,"34+31+11,3","37,5+34,5",2016,2020,2024,15.7,Inicial/Intermediario
PNSJ2,2,6E,100,E918,Mimosa scabrella,"22+19,5+21","32,9+25+22,5",,2016,2020,2024,15.7,Inicial/Intermediario
PNSJ2,2,6E,100,E923,Mimosa scabrella,17,"28,4","35,6",2016,2020,2024,15.7,Inicial/Intermediario
PNSJ2,2,6E,100,E929,Mimosa scabrella,"21,5+10,5+22","27,9+31,9",,2016,2020,2024,15.7,Inicial/Intermediario
PNSJ2,2,6E,100,F78,Mimosa scabrella,,"22,4",,2016,2020,2024,15.7,Inicial/Intermediario
PNSJ2,2,6E,100,F79(E903),Mimosa scabrella,55,"69,1","73,7",2016,2020,2024,15.7,Inicial/Intermediario
PNSJ2,2,6E,100,G1072,Vernonanthura discolor,,,"27,8",2016,2020,2024,15.7,Inicial/Intermediario
PNSJ2,2,6E,100,G571,Myrceugenia euosma,,,"15+18+6+6+5,5",2016,2020,2024,15.7,Inicial/Intermediario
PNSJ2,2,7D,100,E1033,Mimosa scabrella,"25,7","42,3",,2016,2020,2024,15.7,Inicial/Intermediario
PNSJ2,2,7D,100,E1034,Mimosa scabrella,30,,,2016,2020,2024,15.7,Inicial/Intermediario
PNSJ2,2,7D,100,E1036,Mimosa scabrella,"19,5",,,2016,2020,2024,15.7,Inicial/Intermediario
PNSJ2,2,7D,100,E203,Mimosa scabrella,"20+20,5+13",,,2016,2020,2024,15.7,Inicial/Intermediario
PNSJ2,2,7D,100,E602,Mimosa scabrella,"30+29,7+17",,,2016,2020,2024,15.7,Inicial/Intermediario
PNSJ2,2,7D,100,E666,Mimosa scabrella,"49,1","61,6","87,3",2016,2020,2024,15.7,Inicial/Intermediario
PNSJ2,2,7D,100,F87(E143),Mimosa scabrella,"17,3+13+7,5","29,6",40,2016,2020,2024,15.7,Inicial/Intermediario
PNSJ2,2,7D,100,F88(E638),Mimosa scabrella,"21,5","42,5","52,3",2016,2020,2024,15.7,Inicial/Intermediario
PNSJ2,2,7D,100,F89(E202),Mimosa scabrella,"35,3","49,8",,2016,2020,2024,15.7,Inicial/Intermediario
PNSJ2,2,7D,100,G568,Vernonanthura discolor,,,"14,9+15,5",2016,2020,2024,15.7,Inicial/Intermediario
PNSJ2,2,7D,100,G985,Symphyopappus itatiayensis,,,"22,2",2016,2020,2024,15.7,Inicial/Intermediario
PNSJ2,2,7E,100,E906,Mimosa scabrella,24+21,"29,3+35","31,7+37,3",2016,2020,2024,15.7,Inicial/Intermediario
PNSJ2,2,7E,100,E911,Mimosa scabrella,"29,5","49,5+32,8",,2016,2020,2024,15.7,Inicial/Intermediario
PNSJ2,2,7E,100,E913,Mimosa scabrella,13+9,"24,5+12,5",,2016,2020,2024,15.7,Inicial/Intermediario
PNSJ2,2,7E,100,E915,Baccharis uncinella,"11,5+9,5+10",,,2016,2020,2024,15.7,Inicial/Intermediario
PNSJ2,2,7E,100,F85,Mimosa scabrella,,"24,5+12,5","53,1+33,7",2016,2020,2024,15.7,Inicial/Intermediario
PNSJ2,2,7E,100,F86(E916),Mimosa scabrella,"29,5","42,7",,2016,2020,2024,15.7,Inicial/Intermediario
PNSJ2,2,7E,100,G1004,Mimosa scabrella,,,"30,1",2016,2020,2024,15.7,Inicial/Intermediario
PNSJ2,2,7E,100,G1022,Ilex paraguariensis,,"20,1","27,4",2016,2020,2024,15.7,Inicial/Intermediario
PNSJ2,2,7E,100,G1091,Ilex paraguariensis,,,"20,9",2016,2020,2024,15.7,Inicial/Intermediario
PNSJ2,2,7E,100,G553,Drimys angustifolia,,,"9+9,5+17+18",2016,2020,2024,15.7,Inicial/Intermediario
PNSJ2,2,7E,100,G567,Mimosa scabrella,"22,5","33,5+46,1",37,2016,2020,2024,15.7,Inicial/Intermediario
PNSJ2,2,7E,100,G569,Drimys angustifolia,,,"11,5+10+20,5+20,1+7,4+16",2016,2020,2024,15.7,Inicial/Intermediario
PNSJ2,2,7E,100,G988,Vernonanthura discolor,,,"15,8",2016,2020,2024,15.7,Inicial/Intermediario
PNSJ2,2,8D,100,E1030,Mimosa scabrella,32,,,2016,2020,2024,15.7,Inicial/Intermediario
PNSJ2,2,8D,100,E1037,Mimosa scabrella,22,"26,3",,2016,2020,2024,15.7,Inicial/Intermediario
PNSJ2,2,8D,100,E1038,Mimosa scabrella,"34,5","40,1",,2016,2020,2024,15.7,Inicial/Intermediario
PNSJ2,2,8D,100,E1044,Mimosa scabrella,"7+12+9+7,5",,,2016,2020,2024,15.7,Inicial/Intermediario
PNSJ2,2,8D,100,E1045,Mimosa scabrella,"36,5+19","41,5+22,3",,2016,2020,2024,15.7,Inicial/Intermediario
PNSJ2,2,8D,100,E1054,Mimosa scabrella,"16,3+13","26,5","36,6",2016,2020,2024,15.7,Inicial/Intermediario
PNSJ2,2,8D,100,E213,Mimosa scabrella,"29+24,3",,,2016,2020,2024,15.7,Inicial/Intermediario
PNSJ2,2,8D,100,E235,Mimosa scabrella,"16,5+18,2+14,5","24,5+23+22,1",,2016,2020,2024,15.7,Inicial/Intermediario
PNSJ2,2,8D,100,E237,Mimosa scabrella,"31,5+9,5","32,5",,2016,2020,2024,15.7,Inicial/Intermediario
PNSJ2,2,8D,100,E239,Mimosa scabrella,"25+28,5",,,2016,2020,2024,15.7,Inicial/Intermediario
PNSJ2,2,8D,100,E240,Mimosa scabrella,28,"37,3",,2016,2020,2024,15.7,Inicial/Intermediario
PNSJ2,2,8D,100,E656,Mimosa scabrella,"20,3","28,3",,2016,2020,2024,15.7,Inicial/Intermediario
PNSJ2,2,8D,100,E664,Mimosa scabrella,"21,5+20,5+10","24+20,6+30,1",,2016,2020,2024,15.7,Inicial/Intermediario
PNSJ2,2,8D,100,F94(E1048),Mimosa scabrella,"30,2+24","48,9",,2016,2020,2024,15.7,Inicial/Intermediario
PNSJ2,2,8D,100,F95(E1035),Mimosa scabrella,"32+20,8","41,5+29",38+52,2016,2020,2024,15.7,Inicial/Intermediario
PNSJ2,2,8D,100,G1024,Myrceugenia euosma,12+14+13+9+12+6,15+13+14+10+13+7,"15,5+14,4+14,8+10,9+14,1+7,7",2016,2020,2024,15.7,Inicial/Intermediario
PNSJ2,2,8D,100,G552,Ilex paraguariensis,,"23,3",24,2016,2020,2024,15.7,Inicial/Intermediario
PNSJ2,2,8D,100,G565,Mimosa scabrella,30,"37,4",56,2016,2020,2024,15.7,Inicial/Intermediario
PNSJ2,2,8D,100,G577,Symphyopappus itatiayensis,,,"23,5",2016,2020,2024,15.7,Inicial/Intermediario
PNSJ2,2,8D,100,G975,Drimys angustifolia,22,32+13+8,"42,6+23,8+18,4+9,4",2016,2020,2024,15.7,Inicial/Intermediario
PNSJ2,2,8D,100,G996,Symphyopappus itatiayensis,,,"20,2",2016,2020,2024,15.7,Inicial/Intermediario
PNSJ2,2,8E,100,E898,Mimosa scabrella,18,,,2016,2020,2024,15.7,Inicial/Intermediario
PNSJ2,2,8E,100,E902,Mimosa scabrella,21,"28,8",,2016,2020,2024,15.7,Inicial/Intermediario
PNSJ2,2,8E,100,E910,Mimosa scabrella,"31,5","36,8",39,2016,2020,2024,15.7,Inicial/Intermediario
PNSJ2,2,8E,100,E912,Mimosa scabrella,"16,5+25",,,2016,2020,2024,15.7,Inicial/Intermediario
PNSJ2,2,8E,100,E919,Mimosa scabrella,"21+15,5+10+14",,,2016,2020,2024,15.7,Inicial/Intermediario
PNSJ2,2,8E,100,E924,Mimosa scabrella,16,"25,3",,2016,2020,2024,15.7,Inicial/Intermediario
PNSJ2,2,8E,100,E925,Mimosa scabrella,"15,5+7",,,2016,2020,2024,15.7,Inicial/Intermediario
PNSJ2,2,8E,100,E928,Mimosa scabrella,"19,5",,,2016,2020,2024,15.7,Inicial/Intermediario
PNSJ2,2,8E,100,F90(E900),Mimosa scabrella,"32,7+12",35,"42,7",2016,2020,2024,15.7,Inicial/Intermediario
PNSJ2,2,8E,100,F91(E917),Mimosa scabrella,"31,5+26","36,7",,2016,2020,2024,15.7,Inicial/Intermediario
PNSJ2,2,8E,100,F92(E899),Mimosa scabrella,"21,5+26+25,5","41,3+32,4+28,9","34,5",2016,2020,2024,15.7,Inicial/Intermediario
PNSJ2,2,8E,100,F93(E922),Mimosa scabrella,"20,5","25,7","33,8",2016,2020,2024,15.7,Inicial/Intermediario
PNSJ2,2,8E,100,G1079,Vernonanthura discolor,,,"23,7",2016,2020,2024,15.7,Inicial/Intermediario
PNSJ2,2,8E,100,G555,Solanum pabstii,,,18,2016,2020,2024,15.7,Inicial/Intermediario
PNSJ2,2,8E,100,G857,Aiouea amoena,,,22,2016,2020,2024,15.7,Inicial/Intermediario
PNSJ2,2,9D,100,E214,Mimosa scabrella,39,"43,5",,2016,2020,2024,15.7,Inicial/Intermediario
PNSJ2,2,9D,100,E215,Mimosa scabrella,"26,5","36,4","41,1",2016,2020,2024,15.7,Inicial/Intermediario
PNSJ2,2,9D,100,E216,Mimosa scabrella,"31,4",51,,2016,2020,2024,15.7,Inicial/Intermediario
PNSJ2,2,9D,100,E219,Mimosa scabrella,"26,3+20,4+24,5","30,1+31,5",,2016,2020,2024,15.7,Inicial/Intermediario
PNSJ2,2,9D,100,E220,Mimosa scabrella,"26,2","34,5",,2016,2020,2024,15.7,Inicial/Intermediario
PNSJ2,2,9D,100,E221,Mimosa scabrella,43,,,2016,2020,2024,15.7,Inicial/Intermediario
PNSJ2,2,9D,100,E224,Mimosa scabrella,31+22,,,2016,2020,2024,15.7,Inicial/Intermediario
PNSJ2,2,9D,100,E227,Mimosa scabrella,23,,,2016,2020,2024,15.7,Inicial/Intermediario
PNSJ2,2,9D,100,E233,Mimosa scabrella,"32,8","38,5",,2016,2020,2024,15.7,Inicial/Intermediario
PNSJ2,2,9D,100,E234,Mimosa scabrella,"28,2+26,3",,,2016,2020,2024,15.7,Inicial/Intermediario
PNSJ2,2,9D,100,E235,Mimosa scabrella,,,"28,5+25+26",2016,2020,2024,15.7,Inicial/Intermediario
PNSJ2,2,9D,100,F106(E226),Mimosa scabrella,33,38,"41,4",2016,2020,2024,15.7,Inicial/Intermediario
PNSJ2,2,9D,100,F107(E218),Mimosa scabrella,"21,5",40,"53,5",2016,2020,2024,15.7,Inicial/Intermediario
PNSJ2,2,9D,100,F108,Ilex paraguariensis,,"19,3",,2016,2020,2024,15.7,Inicial/Intermediario
PNSJ2,2,9D,100,F97(E222),Mimosa scabrella,23,"29,5","30,5",2016,2020,2024,15.7,Inicial/Intermediario
PNSJ2,2,9D,100,F98(E223),Mimosa scabrella,"28,5","39,1",,2016,2020,2024,15.7,Inicial/Intermediario
PNSJ2,2,9D,100,F99,Mimosa scabrella,39,49,"59,9",2016,2020,2024,15.7,Inicial/Intermediario
PNSJ2,2,9D,100,G1020,Ilex paraguariensis,29,32,"35,1",2016,2020,2024,15.7,Inicial/Intermediario
PNSJ2,2,9D,100,G1048,Ilex paraguariensis,27,30,"33,3",2016,2020,2024,15.7,Inicial/Intermediario
PNSJ2,2,9D,100,G556,Vernonanthura discolor,,,"21,5",2016,2020,2024,15.7,Inicial/Intermediario
PNSJ2,2,9D,100,G557,Mimosa scabrella,,,26,2016,2020,2024,15.7,Inicial/Intermediario
PNSJ2,2,9D,100,G558,Drimys angustifolia,,"21,8+10+9,5","32,5+21,5+12,5+14",2016,2020,2024,15.7,Inicial/Intermediario
PNSJ2,2,9D,100,G559,Ilex paraguariensis,30,33,36,2016,2020,2024,15.7,Inicial/Intermediario
PNSJ2,2,9D,100,G564,Vernonanthura discolor,,,25,2016,2020,2024,15.7,Inicial/Intermediario
PNSJ2,2,9D,100,G590,Ilex paraguariensis,31,34,"37,5",2016,2020,2024,15.7,Inicial/Intermediario
PNSJ2,2,9D,100,G974,Ilex paraguariensis,,,"18,8",2016,2020,2024,15.7,Inicial/Intermediario
PNSJ2,2,9D,100,G999,Mimosa scabrella,20,33,"43,3",2016,2020,2024,15.7,Inicial/Intermediario
PNSJ2,2,9E,100,E765,Mimosa scabrella,"28,4","36,5",,2016,2020,2024,15.7,Inicial/Intermediario
PNSJ2,2,9E,100,E788,Campovassouria cruciata,"10+9,3+9,8+13,5+9+5",,,2016,2020,2024,15.7,Inicial/Intermediario
PNSJ2,2,9E,100,E790,Vernonanthura discolor,"24+6+6,5+13+8+8+7,5+5,5+11",,,2016,2020,2024,15.7,Inicial/Intermediario
PNSJ2,2,9E,100,E791,Mimosa scabrella,"17+5,5","22,8",25,2016,2020,2024,15.7,Inicial/Intermediario
PNSJ2,2,9E,100,E792,Baccharis uncinella,"6,5+6+12+10+4,5+8,5+6+6,5",,,2016,2020,2024,15.7,Inicial/Intermediario
PNSJ2,2,9E,100,E795,Mimosa scabrella,"18+11,5+8,5",,,2016,2020,2024,15.7,Inicial/Intermediario
PNSJ2,2,9E,100,E897,Mimosa scabrella,"23,5","27,6",28,2016,2020,2024,15.7,Inicial/Intermediario
PNSJ2,2,9E,100,E901,Mimosa scabrella,"28,5","32,8",,2016,2020,2024,15.7,Inicial/Intermediario
PNSJ2,2,9E,100,E920,Araucaria angustifolia,"147,5",153,160,2016,2020,2024,15.7,Inicial/Intermediario
PNSJ2,2,9E,100,E921,Mimosa scabrella,"16,5+6","23,3",24,2016,2020,2024,15.7,Inicial/Intermediario
PNSJ2,2,9E,100,E927,Mimosa scabrella,"22,5","32,1",35,2016,2020,2024,15.7,Inicial/Intermediario
PNSJ2,2,9E,100,F100(E767),Mimosa scabrella,"19,5+21+21,5","34,8+34,3+21,8",,2016,2020,2024,15.7,Inicial/Intermediario
PNSJ2,2,9E,100,F100(E797),Mimosa scabrella,"14,2+10,5","16,5+12,5",,2016,2020,2024,15.7,Inicial/Intermediario
PNSJ2,2,9E,100,F101,Drimys angustifolia,,"21,4+8,5+7,5",,2016,2020,2024,15.7,Inicial/Intermediario
PNSJ2,2,9E,100,F102(E787),Mimosa scabrella,24+34,"31,3+40,8",,2016,2020,2024,15.7,Inicial/Intermediario
PNSJ2,2,9E,100,F103(E905),Vernonanthura discolor,19,"22,3",,2016,2020,2024,15.7,Inicial/Intermediario
PNSJ2,2,9E,100,F104(E900),Mimosa scabrella,19,53,"55,8",2016,2020,2024,15.7,Inicial/Intermediario
PNSJ2,2,9E,100,F105(E926),Mimosa scabrella,"21,3","57,5",61,2016,2020,2024,15.7,Inicial/Intermediario
PNSJ2,2,9E,100,G558,Drimys angustifolia,,,"31,5+11,5+9",2016,2020,2024,15.7,Inicial/Intermediario
PNSJ2,2,9E,100,G580,Ilex paraguariensis,,,21,2016,2020,2024,15.7,Inicial/Intermediario
PNSJ2,2,9E,100,G583,Myrceugenia euosma,,,"16,8+13,6",2016,2020,2024,15.7,Inicial/Intermediario
PNSJ3,3,10D,100,E272,Siphoneugena reitzii,"29,5+16+14","32+18,1+14,2","34,1+19,4+14,6",2016,2020,2024,15.7,Avançado
PNSJ3,3,10D,100,E273,Crinodendron brasiliense,63+61+19,"59,3+64+22,6","61+22+64,1",2016,2020,2024,15.7,Avançado
PNSJ3,3,10D,100,E274,Crinodendron brasiliense,"75,5+50","75,3+50,5","76,4",2016,2020,2024,15.7,Avançado
PNSJ3,3,10D,100,E276,Drimys angustifolia,42,"51,8","61,1",2016,2020,2024,15.7,Avançado
PNSJ3,3,10D,100,E281,Drimys angustifolia,33,"38,8",40,2016,2020,2024,15.7,Avançado
PNSJ3,3,10D,100,E282,Drimys angustifolia,17,22,,2016,2020,2024,15.7,Avançado
PNSJ3,3,10D,100,E286,Weinmannia paulliniifolia,"54,8",56,,2016,2020,2024,15.7,Avançado
PNSJ3,3,10D,100,E287,Myrceugenia regnelliana,31,30,,2016,2020,2024,15.7,Avançado
PNSJ3,3,10D,100,E288,Myrceugenia regnelliana,"85,5+59+27,6","29,3+56+60+27","57,3+29,3+60,8+27,8",2016,2020,2024,15.7,Avançado
PNSJ3,3,10D,100,E290,Drimys angustifolia,"20+19,3","22+21,5","22,9",2016,2020,2024,15.7,Avançado
PNSJ3,3,10D,100,E291,Drimys angustifolia,"16,5+16","20,4+23,9","22,1+26,9",2016,2020,2024,15.7,Avançado
PNSJ3,3,10D,100,E293,Siphoneugena reitzii,"37,3+16,9","24,7+37,8","38,8+23,9+11,7+10,5",2016,2020,2024,15.7,Avançado
PNSJ3,3,10D,100,E295,Araucaria angustifolia,"27,9","29,5","31,2",2016,2020,2024,15.7,Avançado
PNSJ3,3,10D,100,E296,Crinodendron brasiliense,"79,3",,,2016,2020,2024,15.7,Avançado
PNSJ3,3,10D,100,E297,Drimys angustifolia,32+13,"31,6+15,6",38,2016,2020,2024,15.7,Avançado
PNSJ3,3,10D,100,E300,Drimys angustifolia,"16,5",17,"22,6",2016,2020,2024,15.7,Avançado
PNSJ3,3,10D,100,E518,Crinodendron brasiliense,"69,5+101,5",77+103,"77,9+107,9",2016,2020,2024,15.7,Avançado
PNSJ3,3,10D,100,E680,Crinodendron brasiliense,"41,5+36,5",,,2016,2020,2024,15.7,Avançado
PNSJ3,3,10D,100,E706,Drimys angustifolia,"21,5",,,2016,2020,2024,15.7,Avançado
PNSJ3,3,10D,100,E900,Siphoneugena reitzii,"23,9+28","29,4+24,5","25,4+31,4",2016,2020,2024,15.7,Avançado
PNSJ3,3,10D,100,F148(E279),Crinodendron brasiliense,84,94,94,2016,2020,2024,15.7,Avançado
PNSJ3,3,10D,100,F150,Drimys angustifolia,"33,5","36,3","39,9",2016,2020,2024,15.7,Avançado
PNSJ3,3,10D,100,F703,Drimys angustifolia,,,"24,6",2016,2020,2024,15.7,Avançado
PNSJ3,3,10D,100,G491,Drimys angustifolia,,,"17,2",2016,2020,2024,15.7,Avançado
PNSJ3,3,10D,100,G492,Prunus myrtifolia,,,"17,2",2016,2020,2024,15.7,Avançado
PNSJ3,3,10D,100,G912,Drimys angustifolia,,,"18,3",2016,2020,2024,15.7,Avançado
PNSJ3,3,10D,100,G918,Drimys angustifolia,,,"16,5",2016,2020,2024,15.7,Avançado
PNSJ3,3,10D,100,G950,Drimys angustifolia,,,16,2016,2020,2024,15.7,Avançado
PNSJ3,3,10D,100,G959,Drimys angustifolia,,,"24,3",2016,2020,2024,15.7,Avançado
PNSJ3,3,10E,100,E944,Drimys angustifolia,"51,3","55,5","57,3",2016,2020,2024,15.7,Avançado
PNSJ3,3,10E,100,E945,Drimys angustifolia,"28,7","32,5","33,9",2016,2020,2024,15.7,Avançado
PNSJ3,3,10E,100,E946,Drimys angustifolia,23+14,"27,9+16,2","30,8+16,2",2016,2020,2024,15.7,Avançado
PNSJ3,3,10E,100,E947,Drimys angustifolia,"21+15,5",22,"27,8",2016,2020,2024,15.7,Avançado
PNSJ3,3,10E,100,E949,Drimys angustifolia,17,"19,6","19,8",2016,2020,2024,15.7,Avançado
PNSJ3,3,10E,100,E950,Drimys angustifolia,"35,5","38,1","38,9",2016,2020,2024,15.7,Avançado
PNSJ3,3,10E,100,E963,Drimys angustifolia,"16+8,5","19,2+9,5","22,4",2016,2020,2024,15.7,Avançado
PNSJ3,3,10E,100,E965,Myrceugenia regnelliana,"71,5","72,9","74,1",2016,2020,2024,15.7,Avançado
PNSJ3,3,10E,100,E968,Drimys angustifolia,17,"17,5","18,7",2016,2020,2024,15.7,Avançado
PNSJ3,3,10E,100,E971,Siphoneugena reitzii,47+66+12+8,"67+48+12,5+8,9",68+49+13+9,2016,2020,2024,15.7,Avançado
PNSJ3,3,10E,100,E978,Myrceugenia regnelliana,"13,8+8",,,2016,2020,2024,15.7,Avançado
PNSJ3,3,10E,100,E981,Crinodendron brasiliense,89,91,92,2016,2020,2024,15.7,Avançado
PNSJ3,3,10E,100,E988,Drimys angustifolia,"18,5",18,"21,3",2016,2020,2024,15.7,Avançado
PNSJ3,3,10E,100,E990,Drimys angustifolia,20+20,"25,3+25,4","30+36,8",2016,2020,2024,15.7,Avançado
PNSJ3,3,10E,100,F147,Myrceugenia regnelliana,33+56,"33,5+56,5","34+56,9",2016,2020,2024,15.7,Avançado
PNSJ3,3,10E,100,G320,Drimys angustifolia,"18,5","22,1","26,9",2016,2020,2024,15.7,Avançado
PNSJ3,3,1D,100,E421,Siphoneugena reitzii,46+16+34,"39,5","39,5",2016,2020,2024,15.7,Avançado
PNSJ3,3,1D,100,E422,Weinmannia paulliniifolia,"17,9","19,2",22,2016,2020,2024,15.7,Avançado
PNSJ3,3,1D,100,E427,Prunus myrtifolia,"16,5",19,"21,5",2016,2020,2024,15.7,Avançado
PNSJ3,3,1D,100,E429,Siphoneugena reitzii,23,"22+19,9","25,3+20,6",2016,2020,2024,15.7,Avançado
PNSJ3,3,1D,100,E430,Azara uruguayensis,"22,5",23,,2016,2020,2024,15.7,Avançado
PNSJ3,3,1D,100,E431,Siphoneugena reitzii,29,30,"30,7",2016,2020,2024,15.7,Avançado
PNSJ3,3,1D,100,E433,Ocotea pulchella,21,"21,3","21,3",2016,2020,2024,15.7,Avançado
PNSJ3,3,1D,100,E434,Crinodendron brasiliense,"25,5+20,3","23,4+25,5","23,6+25,5",2016,2020,2024,15.7,Avançado
PNSJ3,3,1D,100,E435,Drimys angustifolia,"43,3+18,7","43,9+16,5","44,5+16",2016,2020,2024,15.7,Avançado
PNSJ3,3,1D,100,E436,Siphoneugena reitzii,"20,1+21,8","21,5+22","21,5+22,5",2016,2020,2024,15.7,Avançado
PNSJ3,3,1D,100,E443,Drimys angustifolia,33,"33,6","33,6",2016,2020,2024,15.7,Avançado
PNSJ3,3,1D,100,E445,Drimys angustifolia,"28,5+13",29+16,"30,3+9+19,8",2016,2020,2024,15.7,Avançado
PNSJ3,3,1D,100,E446,Drimys angustifolia,"25,5+27,5","25,5","25,5",2016,2020,2024,15.7,Avançado
PNSJ3,3,1D,100,E447,Drimys angustifolia,22,"22,8",23,2016,2020,2024,15.7,Avançado
PNSJ3,3,1D,100,E448,Drimys angustifolia,21+9,"24,7","25,5",2016,2020,2024,15.7,Avançado
PNSJ3,3,1D,100,E449,Siphoneugena reitzii,"30,5","30,5",31,2016,2020,2024,15.7,Avançado
PNSJ3,3,1D,100,E450,Drimys angustifolia,"20,8+25,5","23,1+25,5","26,4+23,9",2016,2020,2024,15.7,Avançado
PNSJ3,3,1D,100,F127,Drimys angustifolia,,"16,5","19,7",2016,2020,2024,15.7,Avançado
PNSJ3,3,1D,100,G283,Ocotea pulchella,,,"16,3",2016,2020,2024,15.7,Avançado
PNSJ3,3,1D,100,G372,Myrceugenia oxysepala,,,"16,3+12,2",2016,2020,2024,15.7,Avançado
PNSJ3,3,1D,100,G913,Myrceugenia regnelliana,,,"6,6+11,7+9,2+9+7,2+12,1+5,9",2016,2020,2024,15.7,Avançado
PNSJ3,3,1E,100,466,Baccharis dentata,"16,5","22,7",,2016,2020,2024,15.7,Avançado
PNSJ3,3,1E,100,477,Siphoneugena reitzii,"34,5","35,6","35,6",2016,2020,2024,15.7,Avançado
PNSJ3,3,1E,100,E452,Siphoneugena reitzii,"36,5","36,1",36,2016,2020,2024,15.7,Avançado
PNSJ3,3,1E,100,E453,Siphoneugena reitzii,"30,3","32,5","32,9+7,9",2016,2020,2024,15.7,Avançado
PNSJ3,3,1E,100,E454,Siphoneugena reitzii,"22,5","23,6","25,2",2016,2020,2024,15.7,Avançado
PNSJ3,3,1E,100,E455,Crinodendron brasiliense,"32,2+6+8","33,1+7+9","34,1+7,4+9,7",2016,2020,2024,15.7,Avançado
PNSJ3,3,1E,100,E456,Drimys angustifolia,70,"70,4",,2016,2020,2024,15.7,Avançado
PNSJ3,3,1E,100,E459,Myrceugenia oxysepala,13+18+9+10+8,"18,1+14,1+8+9,1+11,3","9,2+9,1+19+8+9,6+7,5+10,6",2016,2020,2024,15.7,Avançado
PNSJ3,3,1E,100,E460,Ilex microdonta,"40,2","42,1",44,2016,2020,2024,15.7,Avançado
PNSJ3,3,1E,100,E462,Siphoneugena reitzii,"36,7","40,3","41,3",2016,2020,2024,15.7,Avançado
PNSJ3,3,1E,100,E463,Crinodendron brasiliense,"17,3+37,2",19+39,"19,8+41,2",2016,2020,2024,15.7,Avançado
PNSJ3,3,1E,100,E464,Drimys angustifolia,117,"122,8","129,9",2016,2020,2024,15.7,Avançado
PNSJ3,3,1E,100,E465,Baccharis dentata,18+21,"21,3",22,2016,2020,2024,15.7,Avançado
PNSJ3,3,1E,100,E466,Myrceugenia regnelliana,"25,8+14+25+14",,,2016,2020,2024,15.7,Avançado
PNSJ3,3,1E,100,E471,Siphoneugena reitzii,"23,5+16+18,4+15,2","23,7+16,5+18,4+15,2","18,4+24+17+15",2016,2020,2024,15.7,Avançado
PNSJ3,3,1E,100,E475,Siphoneugena reitzii,"30,7+44+33","30,8+47,5+33,9",31+50+35,2016,2020,2024,15.7,Avançado
PNSJ3,3,1E,100,E476,Myrceugenia regnelliana,17+30+13+27,"17,5+30,2+14,5+28,5",29+14+30+18,2016,2020,2024,15.7,Avançado
PNSJ3,3,1E,100,E478,Maytenus boaria,"36,4","36,4",37,2016,2020,2024,15.7,Avançado
PNSJ3,3,1E,100,E479,Crinodendron brasiliense,55+32+24,"36,5+29,5+59,4","40,2+37,7+60,1",2016,2020,2024,15.7,Avançado
PNSJ3,3,1E,100,E480,Siphoneugena reitzii,"48,5",49,50,2016,2020,2024,15.7,Avançado
PNSJ3,3,1E,100,F124(E457),Myrceugenia regnelliana,"18+26,5+20,5","22+26,5+23,8","23,1+27,5+24",2016,2020,2024,15.7,Avançado
PNSJ3,3,1E,100,F125(E461),Drimys angustifolia,"75,7",81,"84,1",2016,2020,2024,15.7,Avançado
PNSJ3,3,1E,100,F126,Drimys angustifolia,21,24,"27,5",2016,2020,2024,15.7,Avançado
PNSJ3,3,1E,100,F132,Baccharis oblongifolia,,"15,9+12",,2016,2020,2024,15.7,Avançado
PNSJ3,3,1E,100,G621,Siphoneugena reitzii,"25,3","26,3","27,3",2016,2020,2024,15.7,Avançado
PNSJ3,3,1E,100,G914,Drimys angustifolia,,,"20,3",2016,2020,2024,15.7,Avançado
PNSJ3,3,2D,100,E391,Drimys angustifolia,64,"66,3",,2016,2020,2024,15.7,Avançado
PNSJ3,3,2D,100,E414,Siphoneugena reitzii,"16,2+9,7","16,4+8,6","16,5",2016,2020,2024,15.7,Avançado
PNSJ3,3,2D,100,E416,Siphoneugena reitzii,20,"20,5",21,2016,2020,2024,15.7,Avançado
PNSJ3,3,2D,100,E417,Ocotea pulchella,"17,5","17,5",18,2016,2020,2024,15.7,Avançado
PNSJ3,3,2D,100,E418,Siphoneugena reitzii,"31,6+36,2",,,2016,2020,2024,15.7,Avançado
PNSJ3,3,2D,100,E419,Weinmannia paulliniifolia,"24,5","24,5","24,5",2016,2020,2024,15.7,Avançado
PNSJ3,3,2D,100,E420,Siphoneugena reitzii,"24,4","24,6","26,3",2016,2020,2024,15.7,Avançado
PNSJ3,3,2D,100,E425,Siphoneugena reitzii,"11,5+15,5+10+35,9+39,7","16,5+10,3+11,6+40+36,3","17,8+11,6+11,7+36,8+41,2",2016,2020,2024,15.7,Avançado
PNSJ3,3,2D,100,E426,Drimys angustifolia,"125,5","131,2",,2016,2020,2024,15.7,Avançado
PNSJ3,3,2D,100,E428,Drimys angustifolia,54,56,56,2016,2020,2024,15.7,Avançado
PNSJ3,3,2D,100,E432,Drimys angustifolia,"19+22,5+55","25+27,5+55","60,6+27,5+19,8+47,2+26,2+17,2",2016,2020,2024,15.7,Avançado
PNSJ3,3,2D,100,E437,Siphoneugena reitzii,38+32,"38,9+32","40,1+32",2016,2020,2024,15.7,Avançado
PNSJ3,3,2D,100,E438,Weinmannia paulliniifolia,"37,8","37,8","40,8",2016,2020,2024,15.7,Avançado
PNSJ3,3,2D,100,E439,Drimys angustifolia,"20,8+28","20,8+28",,2016,2020,2024,15.7,Avançado
PNSJ3,3,2D,100,E440,Myrceugenia regnelliana,"52,5+34+14,5+12","52,8+15,7+12,8+34","53,1+16+13,2+34,5",2016,2020,2024,15.7,Avançado
PNSJ3,3,2D,100,E441,Myrceugenia regnelliana,"14,6+11+15,7+10+15,5","14,6+7,3+9,4+6,5+13,4","7,5+12+15,5+8,3+10",2016,2020,2024,15.7,Avançado
PNSJ3,3,2D,100,E442,Prunus myrtifolia,"28,7+12,8","28,7+12,8","28,7+12,8",2016,2020,2024,15.7,Avançado
PNSJ3,3,2D,100,F129(E415),Siphoneugena reitzii,21,"31,9",32,2016,2020,2024,15.7,Avançado
PNSJ3,3,2D,100,G623,Drimys angustifolia,58,60,"64,4",2016,2020,2024,15.7,Avançado
PNSJ3,3,2D,100,G915,Drimys angustifolia,"39,5","44,6",47,2016,2020,2024,15.7,Avançado
PNSJ3,3,2E,100,E451,Drimys angustifolia,"96,8",,,2016,2020,2024,15.7,Avançado
PNSJ3,3,2E,100,E458,Ocotea pulchella,"32,5",,,2016,2020,2024,15.7,Avançado
PNSJ3,3,2E,100,E467,Drimys angustifolia,"95,8",,,2016,2020,2024,15.7,Avançado
PNSJ3,3,2E,100,E468,Ocotea pulchella,"21,4",,,2016,2020,2024,15.7,Avançado
PNSJ3,3,2E,100,E469,Siphoneugena reitzii,"20,7",,,2016,2020,2024,15.7,Avançado
PNSJ3,3,2E,100,E470,Drimys angustifolia,188,,,2016,2020,2024,15.7,Avançado
PNSJ3,3,2E,100,E472,Siphoneugena reitzii,"30,7+31","31,3+34,2",32+35,2016,2020,2024,15.7,Avançado
PNSJ3,3,2E,100,E473,Drimys angustifolia,111,,,2016,2020,2024,15.7,Avançado
PNSJ3,3,2E,100,E474,Siphoneugena reitzii,"26,5","26,6",,2016,2020,2024,15.7,Avançado
PNSJ3,3,2E,100,E567,Ilex microdonta,38,"42,8",45,2016,2020,2024,15.7,Avançado
PNSJ3,3,2E,100,E568,Myrceugenia regnelliana,"25,6+8+9,5+7+7","9,4+10,5+16+21,3+8,5+7,5","29,2+9,7+9,3+8,1+7,7",2016,2020,2024,15.7,Avançado
PNSJ3,3,2E,100,E569,Siphoneugena reitzii,"35,5+36,2",,,2016,2020,2024,15.7,Avançado
PNSJ3,3,2E,100,E570,Ocotea pulchella,26,"28,4","30,6",2016,2020,2024,15.7,Avançado
PNSJ3,3,2E,100,F130,Myrceugenia regnelliana,,"16,3",16,2016,2020,2024,15.7,Avançado
PNSJ3,3,2E,100,F131,Araucaria angustifolia,,"19,9",23,2016,2020,2024,15.7,Avançado
PNSJ3,3,2E,100,G494,Myrsine coriacea,,,16,2016,2020,2024,15.7,Avançado
PNSJ3,3,2E,100,G499,Drimys angustifolia,,,"17,5+10,5",2016,2020,2024,15.7,Avançado
PNSJ3,3,2E,100,G947,Symplocos pentandra,,,"16+8,5",2016,2020,2024,15.7,Avançado
PNSJ3,3,2E,100,G962,Myrceugenia regnelliana,37,38,"39,3",2016,2020,2024,15.7,Avançado
PNSJ3,3,3D,100,E392,Crinodendron brasiliense,"56+14,3","58,5+16,5","59,5",2016,2020,2024,15.7,Avançado
PNSJ3,3,3D,100,E393,Prunus myrtifolia,"28,9","30,5","30,5",2016,2020,2024,15.7,Avançado
PNSJ3,3,3D,100,E394,Weinmannia paulliniifolia,"22,8","29,4","29,4",2016,2020,2024,15.7,Avançado
PNSJ3,3,3D,100,E395,Myrceugenia regnelliana,"28+11,5+20,5","26,5+21","27,8+22,1",2016,2020,2024,15.7,Avançado
PNSJ3,3,3D,100,E396,Drimys angustifolia,56,"59,8","63,5",2016,2020,2024,15.7,Avançado
PNSJ3,3,3D,100,E397,Crinodendron brasiliense,"32,5+11,2","34,3+13,5",35+17,2016,2020,2024,15.7,Avançado
PNSJ3,3,3D,100,E398,Drimys angustifolia,"95,5","97,5","100,8",2016,2020,2024,15.7,Avançado
PNSJ3,3,3D,100,E399,Crinodendron brasiliense,"54+45,4","55+50,5",55+51,2016,2020,2024,15.7,Avançado
PNSJ3,3,3D,100,E403,Crinodendron brasiliense,"20,2+20,1","25,3+24,5","29,3+26,8",2016,2020,2024,15.7,Avançado
PNSJ3,3,3D,100,E404,Crinodendron brasiliense,"25+30,5","25+30,7",25+31,2016,2020,2024,15.7,Avançado
PNSJ3,3,3D,100,E405,Drimys angustifolia,,"15,7","16,2",2016,2020,2024,15.7,Avançado
PNSJ3,3,3D,100,E406,Crinodendron brasiliense,"17,3+17,5+13+18,4+81,2","94,6+20,3+19,5+20,3+13","25,5+21,1+20",2016,2020,2024,15.7,Avançado
PNSJ3,3,3D,100,E407,Weinmannia paulliniifolia,"30,5","30,6",34,2016,2020,2024,15.7,Avançado
PNSJ3,3,3D,100,E410,Myrceugenia regnelliana,8+12+13,"8,4+13,8+12,5+6+8","10,9+13,3+17,5+9",2016,2020,2024,15.7,Avançado
PNSJ3,3,3D,100,E411,Siphoneugena reitzii,"11,5+14",13+14,"14+13,4",2016,2020,2024,15.7,Avançado
PNSJ3,3,3D,100,E412,Drimys angustifolia,"59,6","60,1","72,9",2016,2020,2024,15.7,Avançado
PNSJ3,3,3D,100,E413,Drimys angustifolia,70,70,72,2016,2020,2024,15.7,Avançado
PNSJ3,3,3D,100,F128,Siphoneugena reitzii,,"16,7+13,5","13,5+17",2016,2020,2024,15.7,Avançado
PNSJ3,3,3E,100,E541,Crinodendron brasiliense,31+38,"32,1+38,6","32,4+39,7",2016,2020,2024,15.7,Avançado
PNSJ3,3,3E,100,E542,Myrceugenia oxysepala,"26,3","27,5",28,2016,2020,2024,15.7,Avançado
PNSJ3,3,3E,100,E543,Myrceugenia regnelliana,82,87,"96,3",2016,2020,2024,15.7,Avançado
PNSJ3,3,3E,100,E544,Siphoneugena reitzii,"31,5+23","19,5+24,5+25","21+26,3+27,1",2016,2020,2024,15.7,Avançado
PNSJ3,3,3E,100,E548,Siphoneugena reitzii,44,45,45,2016,2020,2024,15.7,Avançado
PNSJ3,3,3E,100,E556,Ocotea pulchella,"36,5+33","38,8+36","39,1+44,4",2016,2020,2024,15.7,Avançado
PNSJ3,3,3E,100,E560,Myrceugenia regnelliana,"41,6","41,6",42,2016,2020,2024,15.7,Avançado
PNSJ3,3,3E,100,E561,Crinodendron brasiliense,39,"51,3",,2016,2020,2024,15.7,Avançado
PNSJ3,3,3E,100,G342,Drimys angustifolia,,,17,2016,2020,2024,15.7,Avançado
PNSJ3,3,3E,100,G492,Drimys angustifolia,,,"25,5",2016,2020,2024,15.7,Avançado
PNSJ3,3,3E,100,G915,Drimys angustifolia,,,"16,5",2016,2020,2024,15.7,Avançado
PNSJ3,3,4D,100,E400,Crinodendron brasiliense,"34,3",39,"39,5",2016,2020,2024,15.7,Avançado
PNSJ3,3,4D,100,E401,Drimys angustifolia,93,"96,6","96,6",2016,2020,2024,15.7,Avançado
PNSJ3,3,4D,100,E408,Siphoneugena reitzii,"38+43,3+39,1","43,9+40,5",44+41,2016,2020,2024,15.7,Avançado
PNSJ3,3,4D,100,E409,Crinodendron brasiliense,52,56,"58,9",2016,2020,2024,15.7,Avançado
PNSJ3,3,4D,100,E444,Siphoneugena reitzii,52,"51,1","54,7",2016,2020,2024,15.7,Avançado
PNSJ3,3,4D,100,E481,Crinodendron brasiliense,"37,4","38,1","40,1",2016,2020,2024,15.7,Avançado
PNSJ3,3,4D,100,E482,Drimys angustifolia,"62,1","63,1","63,1",2016,2020,2024,15.7,Avançado
PNSJ3,3,4D,100,E483,Drimys angustifolia,"66,7","71,3",76,2016,2020,2024,15.7,Avançado
PNSJ3,3,4D,100,E484,Siphoneugena reitzii,"23,6+20","24,5+20,3","28,7+20",2016,2020,2024,15.7,Avançado
PNSJ3,3,4D,100,E485,Myrceugenia regnelliana,9+6+20+18,9+6+20+18,9+6+20+18,2016,2020,2024,15.7,Avançado
PNSJ3,3,4D,100,E486,Drimys angustifolia,"51,9","52,9",77,2016,2020,2024,15.7,Avançado
PNSJ3,3,4D,100,E487,Drimys angustifolia,"63,4","65,5",,2016,2020,2024,15.7,Avançado
PNSJ3,3,4D,100,E488,Drimys angustifolia,67,67,67,2016,2020,2024,15.7,Avançado
PNSJ3,3,4D,100,E489,Ilex microdonta,"32,3","32,3","33,5",2016,2020,2024,15.7,Avançado
PNSJ3,3,4D,100,F133,Siphoneugena reitzii,,"10,5+18,9+11,5","10,5+18,9+11",2016,2020,2024,15.7,Avançado
PNSJ3,3,4D,100,F134,Siphoneugena reitzii,,17,"18+9,5",2016,2020,2024,15.7,Avançado
PNSJ3,3,4D,100,F135,Drimys angustifolia,26,"30,2","30,5",2016,2020,2024,15.7,Avançado
PNSJ3,3,4D,100,F136,NI,,"19,5",,2016,2020,2024,15.7,Avançado
PNSJ3,3,4D,100,F139,Drimys angustifolia,10+49,"10,3+54,7","10,3+55",2016,2020,2024,15.7,Avançado
PNSJ3,3,4D,100,F182,Siphoneugena reitzii,22+12+28,"27+14+30,6","27,9+14,9+32",2016,2020,2024,15.7,Avançado
PNSJ3,3,4D,100,F402,Myrceugenia regnelliana,"41,9","43,2","46,4",2016,2020,2024,15.7,Avançado
PNSJ3,3,4D,100,G972,Drimys angustifolia,,,"25,4",2016,2020,2024,15.7,Avançado
PNSJ3,3,4E,100,E545,Ilex microdonta,"31,8",33,35,2016,2020,2024,15.7,Avançado
PNSJ3,3,4E,100,E546,Drimys angustifolia,"33,5","36,7","42,3",2016,2020,2024,15.7,Avançado
PNSJ3,3,4E,100,E558,Crinodendron brasiliense,48+70+20,"52,1+36+76,5",53+37+77,2016,2020,2024,15.7,Avançado
PNSJ3,3,4E,100,E562,Siphoneugena reitzii,35,"41,6","41,6",2016,2020,2024,15.7,Avançado
PNSJ3,3,4E,100,E563,Drimys angustifolia,143,,,2016,2020,2024,15.7,Avançado
PNSJ3,3,4E,100,E564,Drimys angustifolia,82,,,2016,2020,2024,15.7,Avançado
PNSJ3,3,4E,100,E565,Myrceugenia regnelliana,47+35,"38,5+50,3","39+52,3",2016,2020,2024,15.7,Avançado
PNSJ3,3,4E,100,E566,Drimys angustifolia,"27,5+7,5","30,3",,2016,2020,2024,15.7,Avançado
PNSJ3,3,4E,100,G279,Baccharis dentata,,,"19,3",2016,2020,2024,15.7,Avançado
PNSJ3,3,4E,100,G596,Ilex microdonta,"61,2","66,5","70,8",2016,2020,2024,15.7,Avançado
PNSJ3,3,4E,100,G627,Myrsine coriacea,,,22,2016,2020,2024,15.7,Avançado
PNSJ3,3,4E,100,G961,Drimys angustifolia,31,34,"40,2",2016,2020,2024,15.7,Avançado
PNSJ3,3,5D,100,E490,Siphoneugena reitzii,"80,9+99,5","81+102,8",104,2016,2020,2024,15.7,Avançado
PNSJ3,3,5D,100,E491,Drimys angustifolia,"78,4","85,3","85,3",2016,2020,2024,15.7,Avançado
PNSJ3,3,5D,100,E492,Siphoneugena reitzii,33+26,"29,5+35,1","29,8+37,4",2016,2020,2024,15.7,Avançado
PNSJ3,3,5D,100,E493,Siphoneugena reitzii,30+27+40,31+27+40,27+32+40,2016,2020,2024,15.7,Avançado
PNSJ3,3,5D,100,E494,Siphoneugena reitzii,22+58+32,"22,5+58","29,5+58",2016,2020,2024,15.7,Avançado
PNSJ3,3,5D,100,E495,Siphoneugena reitzii,34,"34,3","34,5+9+10,8+9",2016,2020,2024,15.7,Avançado
PNSJ3,3,5D,100,E496,Crinodendron brasiliense,30,"31,7",,2016,2020,2024,15.7,Avançado
PNSJ3,3,5D,100,E497,Weinmannia paulliniifolia,"31,1+57,7","57,7+33","61,3+36",2016,2020,2024,15.7,Avançado
PNSJ3,3,5D,100,E499,Ocotea pulchella,17,"20,4","35,5",2016,2020,2024,15.7,Avançado
PNSJ3,3,5D,100,E501,Crinodendron brasiliense,32,"32,1","32,6",2016,2020,2024,15.7,Avançado
PNSJ3,3,5D,100,E502,Siphoneugena reitzii,"22,5",24,"27,2",2016,2020,2024,15.7,Avançado
PNSJ3,3,5D,100,E503,Weinmannia paulliniifolia,70,70,"81+21,6",2016,2020,2024,15.7,Avançado
PNSJ3,3,5D,100,E504,Drimys angustifolia,10+14+11,"13+16,9+13,6","17,7+13,6+15,2",2016,2020,2024,15.7,Avançado
PNSJ3,3,5D,100,E505,Drimys angustifolia,14+12,"17,5+16,2","19,8+17,9",2016,2020,2024,15.7,Avançado
PNSJ3,3,5D,100,E507,Crinodendron brasiliense,34,,,2016,2020,2024,15.7,Avançado
PNSJ3,3,5D,100,E508,Myrceugenia regnelliana,13+32+24,"32,6+14,1+23,3","37,4+15,6+26,8",2016,2020,2024,15.7,Avançado
PNSJ3,3,5D,100,E509,Drimys angustifolia,29+52,,,2016,2020,2024,15.7,Avançado
PNSJ3,3,5D,100,E510,Crinodendron brasiliense,"39,5","43,7",44,2016,2020,2024,15.7,Avançado
PNSJ3,3,5D,100,F180,Myrceugenia regnelliana,30+29+13+7+9+8,"33,9+30+14+7,3+10+8,3","16,5+9,6+8,2+9,4+5,7",2016,2020,2024,15.7,Avançado
PNSJ3,3,5D,100,F181,Crinodendron brasiliense,54,55,58,2016,2020,2024,15.7,Avançado
PNSJ3,3,5D,100,F199,Crinodendron brasiliense,76,77,"81,3",2016,2020,2024,15.7,Avançado
PNSJ3,3,5D,100,G1029,Drimys angustifolia,,,"20+16,5",2016,2020,2024,15.7,Avançado
PNSJ3,3,5D,100,G1056,Drimys angustifolia,,,23,2016,2020,2024,15.7,Avançado
PNSJ3,3,5D,100,G1059,Drimys angustifolia,,,"15,7",2016,2020,2024,15.7,Avançado
PNSJ3,3,5D,100,G271,Drimys angustifolia,,,"16,6",2016,2020,2024,15.7,Avançado
PNSJ3,3,5D,100,G489,Drimys angustifolia,"17,5","22,5","12,2+18,5+22,9",2016,2020,2024,15.7,Avançado
PNSJ3,3,5D,100,G493,Drimys angustifolia,,,"15,9",2016,2020,2024,15.7,Avançado
PNSJ3,3,5D,100,G911,Prunus myrtifolia,,,22,2016,2020,2024,15.7,Avançado
PNSJ3,3,5D,100,G920,Drimys angustifolia,,,"16,5",2016,2020,2024,15.7,Avançado
PNSJ3,3,5E,100,E390,Drimys angustifolia,"16,5+17,1","20,9+21,5","26,1+24,1",2016,2020,2024,15.7,Avançado
PNSJ3,3,5E,100,E547,Crinodendron brasiliense,70,"72,5",74,2016,2020,2024,15.7,Avançado
PNSJ3,3,5E,100,E549,Myrceugenia oxysepala,15+13+18+11+9,"14,5+16,3+13,5+18+14,2","14,5+16+15+14+18",2016,2020,2024,15.7,Avançado
PNSJ3,3,5E,100,E551,Myrceugenia oxysepala,"16+16,5",18+17,17+18,2016,2020,2024,15.7,Avançado
PNSJ3,3,5E,100,E552,Crinodendron brasiliense,32+16,"36,9+19,8","40,4+21,3",2016,2020,2024,15.7,Avançado
PNSJ3,3,5E,100,E553,Myrceugenia oxysepala,"18,5+9","19,4+6,2+9,2","19,4+6,8+9,4",2016,2020,2024,15.7,Avançado
PNSJ3,3,5E,100,E554,Weinmannia paulliniifolia,54,54,54,2016,2020,2024,15.7,Avançado
PNSJ3,3,5E,100,E555,Baccharis dentata,16,,,2016,2020,2024,15.7,Avançado
PNSJ3,3,5E,100,E557,Myrceugenia oxysepala,"20+13,5+16+13","14,5+13,2+21,3+17,3","14,5+22+14+17,5",2016,2020,2024,15.7,Avançado
PNSJ3,3,5E,100,F137,Araucaria angustifolia,,"17,3","18,4",2016,2020,2024,15.7,Avançado
PNSJ3,3,5E,100,F138,Drimys angustifolia,,"20,7","25,7",2016,2020,2024,15.7,Avançado
PNSJ3,3,5E,100,G1045,Drimys angustifolia,,,20,2016,2020,2024,15.7,Avançado
PNSJ3,3,5E,100,G1058,Myrceugenia regnelliana,18+8+6,"18,5+9,3+7",13+14+12,2016,2020,2024,15.7,Avançado
PNSJ3,3,5E,100,G496,Drimys angustifolia,,,16,2016,2020,2024,15.7,Avançado
PNSJ3,3,5E,100,G594,Drimys angustifolia,,,"18,2+10,8",2016,2020,2024,15.7,Avançado
PNSJ3,3,5E,100,G598,Drimys angustifolia,,,"28,7",2016,2020,2024,15.7,Avançado
PNSJ3,3,6D,100,E301,Siphoneugena reitzii,"18,5+27+28+24","27,6+27,9+24+18,2","28+29,1+18,5+25,3",2016,2020,2024,15.7,Avançado
PNSJ3,3,6D,100,E302,Ilex microdonta,"25,5",30,33,2016,2020,2024,15.7,Avançado
PNSJ3,3,6D,100,E303,Drimys angustifolia,"28,5","30,1",37,2016,2020,2024,15.7,Avançado
PNSJ3,3,6D,100,E304,Drimys angustifolia,46,47,49,2016,2020,2024,15.7,Avançado
PNSJ3,3,6D,100,E307,Siphoneugena reitzii,61+27,"58,5+28,5","28,5+58,6",2016,2020,2024,15.7,Avançado
PNSJ3,3,6D,100,E308,Siphoneugena reitzii,9+30,30,30,2016,2020,2024,15.7,Avançado
PNSJ3,3,6D,100,E309,Myrceugenia regnelliana,"45,5+20,2+19","22,5+20,3+50,5","21+20,5+58",2016,2020,2024,15.7,Avançado
PNSJ3,3,6D,100,E310,Drimys angustifolia,"24,3","32,4",40,2016,2020,2024,15.7,Avançado
PNSJ3,3,6D,100,E311,Myrceugenia regnelliana,"15+15,5","15,9+16,3",17+16,2016,2020,2024,15.7,Avançado
PNSJ3,3,6D,100,E313,Siphoneugena reitzii,25+88+23,"89,2+26+24,5","89+27,5+25",2016,2020,2024,15.7,Avançado
PNSJ3,3,6D,100,E315,Siphoneugena reitzii,"29,5+8,5","29,8+16,7","16,9+29,8",2016,2020,2024,15.7,Avançado
PNSJ3,3,6D,100,E316,Weinmannia paulliniifolia,60,"62,4+19","64,3+24,3",2016,2020,2024,15.7,Avançado
PNSJ3,3,6D,100,E317,Crinodendron brasiliense,58,60,62,2016,2020,2024,15.7,Avançado
PNSJ3,3,6D,100,E320,Ilex microdonta,"20,5","23,3","25,3",2016,2020,2024,15.7,Avançado
PNSJ3,3,6D,100,E321,Siphoneugena reitzii,22+17,"21,4+16,9","19,3+24,6",2016,2020,2024,15.7,Avançado
PNSJ3,3,6D,100,E498,Siphoneugena reitzii,"15+12,5","15,5+8,9","17,3+8,9",2016,2020,2024,15.7,Avançado
PNSJ3,3,6D,100,E500,Crinodendron brasiliense,21+13,"21,5+13","22,9+14,3",2016,2020,2024,15.7,Avançado
PNSJ3,3,6D,100,F140,Siphoneugena reitzii,,"17,1","17,5",2016,2020,2024,15.7,Avançado
PNSJ3,3,6D,100,F196,Myrceugenia regnelliana,30,32,33,2016,2020,2024,15.7,Avançado
PNSJ3,3,6D,100,G581,Myrceugenia regnelliana,87,"87,5","87,5",2016,2020,2024,15.7,Avançado
PNSJ3,3,6D,100,G950,Myrceugenia regnelliana,,,16,2016,2020,2024,15.7,Avançado
PNSJ3,3,6D,100,G956,Myrceugenia oxysepala,,,"16,5",2016,2020,2024,15.7,Avançado
PNSJ3,3,6E,100,E360,Myrceugenia oxysepala,23,,,2016,2020,2024,15.7,Avançado
PNSJ3,3,6E,100,E361,Myrceugenia regnelliana,"38,5","38,5",,2016,2020,2024,15.7,Avançado
PNSJ3,3,6E,100,E362,Drimys angustifolia,22,22,22,2016,2020,2024,15.7,Avançado
PNSJ3,3,6E,100,E363,Siphoneugena reitzii,60+93+46,"55,4+101+72,2",91+64+101,2016,2020,2024,15.7,Avançado
PNSJ3,3,6E,100,E364,Crinodendron brasiliense,"74,5",73,,2016,2020,2024,15.7,Avançado
PNSJ3,3,6E,100,E365,Drimys angustifolia,80,"83,7","83,7",2016,2020,2024,15.7,Avançado
PNSJ3,3,6E,100,E366,Drimys angustifolia,"48,7","49,7",,2016,2020,2024,15.7,Avançado
PNSJ3,3,6E,100,E367,Myrceugenia regnelliana,18+9+27,"33+22,2+10","37,9+24,5",2016,2020,2024,15.7,Avançado
PNSJ3,3,6E,100,E368,Drimys angustifolia,59,,,2016,2020,2024,15.7,Avançado
PNSJ3,3,6E,100,E369,Myrceugenia oxysepala,22,"25,5",28,2016,2020,2024,15.7,Avançado
PNSJ3,3,6E,100,E372,Crinodendron brasiliense,34+44+46+44,"34,5+44,6+47,6+45,5","35,3+47,7+47,2+47",2016,2020,2024,15.7,Avançado
PNSJ3,3,6E,100,E376,Drimys angustifolia,18,"21,1",,2016,2020,2024,15.7,Avançado
PNSJ3,3,6E,100,E377,Symphyopappus itatiayensis,20,"24,5",,2016,2020,2024,15.7,Avançado
PNSJ3,3,6E,100,E378,Myrceugenia regnelliana,"21+16,5","18,7+24,1","25,7+21,1",2016,2020,2024,15.7,Avançado
PNSJ3,3,6E,100,E379,Drimys angustifolia,65,"68,3","68,3",2016,2020,2024,15.7,Avançado
PNSJ3,3,6E,100,F141(E374),Crinodendron brasiliense,42+19,20+43,"44+20,5",2016,2020,2024,15.7,Avançado
PNSJ3,3,6E,100,F183,Maytenus boaria,,"18,5",,2016,2020,2024,15.7,Avançado
PNSJ3,3,6E,100,F184,Baccharis oblongifolia,,"15,9",,2016,2020,2024,15.7,Avançado
PNSJ3,3,6E,100,F??,Crinodendron brasiliense,94+30,"96,9+30",,2016,2020,2024,15.7,Avançado
PNSJ3,3,6E,100,G1053,Myrsine coriacea,,,16,2016,2020,2024,15.7,Avançado
PNSJ3,3,6E,100,G1054,Myrceugenia regnelliana,17+15,18+16,19+17,2016,2020,2024,15.7,Avançado
PNSJ3,3,6E,100,G1086,Drimys angustifolia,24,"29,9","36,5",2016,2020,2024,15.7,Avançado
PNSJ3,3,6E,100,G257,Escallonia bifida,"33,5","34,5","35,5",2016,2020,2024,15.7,Avançado
PNSJ3,3,6E,100,G625,Crinodendron brasiliense,,,"18,7",2016,2020,2024,15.7,Avançado
PNSJ3,3,6E,100,G957,Drimys angustifolia,,,"16,4",2016,2020,2024,15.7,Avançado
PNSJ3,3,6E,100,G965,Myrceugenia oxysepala,,,"16,5+10,4",2016,2020,2024,15.7,Avançado
PNSJ3,3,7D,100,E305,Myrceugenia regnelliana,18+8+7,"19,3+7,9+7,5","20,4+8,7+8,6",2016,2020,2024,15.7,Avançado
PNSJ3,3,7D,100,E312,Ilex microdonta,"43,5","46,9",50,2016,2020,2024,15.7,Avançado
PNSJ3,3,7D,100,E314,Siphoneugena reitzii,39+20+28,"39,5+20,7+28","28,9+39,4+20,6",2016,2020,2024,15.7,Avançado
PNSJ3,3,7D,100,E318,Myrceugenia regnelliana,21+5+7,"23+5,7+7,6",23,2016,2020,2024,15.7,Avançado
PNSJ3,3,7D,100,E322,Myrceugenia regnelliana,73+81,"73,5+87","88,5+74,5",2016,2020,2024,15.7,Avançado
PNSJ3,3,7D,100,E326,Drimys angustifolia,88,92,93,2016,2020,2024,15.7,Avançado
PNSJ3,3,7D,100,E327,Drimys angustifolia,50,"55,6","60,5",2016,2020,2024,15.7,Avançado
PNSJ3,3,7D,100,E328,Crinodendron brasiliense,84,84,84,2016,2020,2024,15.7,Avançado
PNSJ3,3,7D,100,E329,Drimys angustifolia,11+18,19+11,"25,7+13,8+14",2016,2020,2024,15.7,Avançado
PNSJ3,3,7D,100,E330,Drimys angustifolia,"30,5+45","46,5+35","51,3+40,6",2016,2020,2024,15.7,Avançado
PNSJ3,3,7D,100,E571,Drimys angustifolia,43,"46,3","46,4",2016,2020,2024,15.7,Avançado
PNSJ3,3,7D,100,F143,Drimys angustifolia,51,53,"58,3",2016,2020,2024,15.7,Avançado
PNSJ3,3,7D,100,F144,Drimys angustifolia,111,112,"113,7",2016,2020,2024,15.7,Avançado
PNSJ3,3,7D,100,F188,Drimys angustifolia,,18,"18,6+12,1",2016,2020,2024,15.7,Avançado
PNSJ3,3,7D,100,F197,Crinodendron brasiliense,"27,5+20","27,5+20","29,5+20,5",2016,2020,2024,15.7,Avançado
PNSJ3,3,7D,100,G258,Drimys angustifolia,40,"40,3","47,5",2016,2020,2024,15.7,Avançado
PNSJ3,3,7D,100,G273,Drimys angustifolia,"15,7","15,7","19,2",2016,2020,2024,15.7,Avançado
PNSJ3,3,7D,100,G447,Drimys angustifolia,,,"29,7",2016,2020,2024,15.7,Avançado
PNSJ3,3,7D,100,G627,Drimys angustifolia,20,24,"28+11,3",2016,2020,2024,15.7,Avançado
PNSJ3,3,7D,100,G939,Drimys angustifolia,,,16,2016,2020,2024,15.7,Avançado
PNSJ3,3,7E,100,E370,Myrceugenia regnelliana,26,"30,6",34,2016,2020,2024,15.7,Avançado
PNSJ3,3,7E,100,E371,Myrceugenia regnelliana,39,43,45,2016,2020,2024,15.7,Avançado
PNSJ3,3,7E,100,E373,Drimys angustifolia,"74,5",,,2016,2020,2024,15.7,Avançado
PNSJ3,3,7E,100,E380,Myrceugenia regnelliana,"15,7","15,9","16,1",2016,2020,2024,15.7,Avançado
PNSJ3,3,7E,100,E382,Drimys angustifolia,"18,2","21,9",27,2016,2020,2024,15.7,Avançado
PNSJ3,3,7E,100,E383,Crinodendron brasiliense,"22,5","24,2","24,2",2016,2020,2024,15.7,Avançado
PNSJ3,3,7E,100,E384,Crinodendron brasiliense,50,"51,3","51,3",2016,2020,2024,15.7,Avançado
PNSJ3,3,7E,100,E385,Drimys angustifolia,"19,7","22,3","28,6",2016,2020,2024,15.7,Avançado
PNSJ3,3,7E,100,E386,Drimys angustifolia,29,"36,5",,2016,2020,2024,15.7,Avançado
PNSJ3,3,7E,100,E387,Myrceugenia regnelliana,"69,5","71,6",,2016,2020,2024,15.7,Avançado
PNSJ3,3,7E,100,E389,Myrceugenia oxysepala,54,54,54,2016,2020,2024,15.7,Avançado
PNSJ3,3,7E,100,F142,Myrceugenia regnelliana,9+21,"9,4+22,2",,2016,2020,2024,15.7,Avançado
PNSJ3,3,7E,100,F189(E388),Myrceugenia regnelliana,"50,8","59,9","60,5+27,2",2016,2020,2024,15.7,Avançado
PNSJ3,3,7E,100,G1089,Drimys angustifolia,"17,5","16,4",17,2016,2020,2024,15.7,Avançado
PNSJ3,3,7E,100,G414,Drimys angustifolia,36,40,"45,7",2016,2020,2024,15.7,Avançado
PNSJ3,3,7E,100,G417,Prunus myrtifolia,,,"19,7",2016,2020,2024,15.7,Avançado
PNSJ3,3,7E,100,G599,Drimys angustifolia,,,"19,3",2016,2020,2024,15.7,Avançado
PNSJ3,3,7E,100,G628,Drimys angustifolia,,,"17,3",2016,2020,2024,15.7,Avançado
PNSJ3,3,8D,100,E324,Drimys angustifolia,67,"67,3","71,4",2016,2020,2024,15.7,Avançado
PNSJ3,3,8D,100,E574,Drimys angustifolia,41+14,"42,9+14,5","42,9",2016,2020,2024,15.7,Avançado
PNSJ3,3,8D,100,E578,Siphoneugena reitzii,71,"71,6","72,5",2016,2020,2024,15.7,Avançado
PNSJ3,3,8D,100,E579,Ocotea pulchella,23,24,26,2016,2020,2024,15.7,Avançado
PNSJ3,3,8D,100,E580,Ocotea pulchella,"41,5","45,1","47,2",2016,2020,2024,15.7,Avançado
PNSJ3,3,8D,100,E583,Siphoneugena reitzii,"37,5+41","38+36,5","37+39,5",2016,2020,2024,15.7,Avançado
PNSJ3,3,8D,100,E586,Drimys angustifolia,57,"55,4",,2016,2020,2024,15.7,Avançado
PNSJ3,3,8D,100,E590,Drimys angustifolia,60,"62,4",63,2016,2020,2024,15.7,Avançado
PNSJ3,3,8D,100,E597,Myrceugenia regnelliana,14+11+29,"26,2+16,4+10,9","17,3+25,5+19,3+10,2",2016,2020,2024,15.7,Avançado
PNSJ3,3,8D,100,E599,Siphoneugena reitzii,"9+8+50+14,5","50,8+15,9+9,8+9,2+6,5","50,9+15,8+9,3+9,6+7,1",2016,2020,2024,15.7,Avançado
PNSJ3,3,8D,100,F145,Drimys angustifolia,,"16,2","19,5",2016,2020,2024,15.7,Avançado
PNSJ3,3,8D,100,G371,Drimys angustifolia,,,"20,6",2016,2020,2024,15.7,Avançado
PNSJ3,3,8D,100,G595,Drimys angustifolia,,"16,4","17,3+12,3",2016,2020,2024,15.7,Avançado
PNSJ3,3,8D,100,G599,Drimys angustifolia,56,56,57,2016,2020,2024,15.7,Avançado
PNSJ3,3,8D,100,G638,Weinmannia paulliniifolia,,,"20,9",2016,2020,2024,15.7,Avançado
PNSJ3,3,8D,100,G938,Drimys angustifolia,59,"57,5",58,2016,2020,2024,15.7,Avançado
PNSJ3,3,8E,100,E511,Drimys angustifolia,"16,3","17,5",19,2016,2020,2024,15.7,Avançado
PNSJ3,3,8E,100,E519,Drimys angustifolia,20,"20,1",,2016,2020,2024,15.7,Avançado
PNSJ3,3,8E,100,E522,Drimys angustifolia,43,"44,1",58,2016,2020,2024,15.7,Avançado
PNSJ3,3,8E,100,E523,Myrceugenia regnelliana,40,"20+21,8",,2016,2020,2024,15.7,Avançado
PNSJ3,3,8E,100,E524,Siphoneugena reitzii,49,49,49,2016,2020,2024,15.7,Avançado
PNSJ3,3,8E,100,E525,Ilex microdonta,"53,5","59,7","63,7",2016,2020,2024,15.7,Avançado
PNSJ3,3,8E,100,E526,Crinodendron brasiliense,44+39,"39,2",47,2016,2020,2024,15.7,Avançado
PNSJ3,3,8E,100,E529,Drimys angustifolia,68,"72,5",,2016,2020,2024,15.7,Avançado
PNSJ3,3,8E,100,E530,Drimys angustifolia,50,50,"50,5",2016,2020,2024,15.7,Avançado
PNSJ3,3,8E,100,E531,Crinodendron brasiliense,"44,7","45,8",53,2016,2020,2024,15.7,Avançado
PNSJ3,3,8E,100,E532,Crinodendron brasiliense,85,90,90,2016,2020,2024,15.7,Avançado
PNSJ3,3,8E,100,E533,Crinodendron brasiliense,140,142,142,2016,2020,2024,15.7,Avançado
PNSJ3,3,8E,100,E534,Drimys angustifolia,16,"16,5",17,2016,2020,2024,15.7,Avançado
PNSJ3,3,8E,100,E535,Drimys angustifolia,"20,3","19,8","21,6",2016,2020,2024,15.7,Avançado
PNSJ3,3,8E,100,E536,Drimys angustifolia,19,"23,5","26,8",2016,2020,2024,15.7,Avançado
PNSJ3,3,8E,100,E537,Myrceugenia regnelliana,"37+37,6","37,8+38,6","37,8+40,1",2016,2020,2024,15.7,Avançado
PNSJ3,3,8E,100,E538,Weinmannia paulliniifolia,124,127,"136,3",2016,2020,2024,15.7,Avançado
PNSJ3,3,8E,100,E539,Crinodendron brasiliense,86+80,"81,5+87,5",83+89,2016,2020,2024,15.7,Avançado
PNSJ3,3,8E,100,E540,Siphoneugena reitzii,"78+61,5","78,5+61,6","79,3+62,5",2016,2020,2024,15.7,Avançado
PNSJ3,3,8E,100,F192,Myrceugenia regnelliana,"43,5+14","44,5+15","45,4+16",2016,2020,2024,15.7,Avançado
PNSJ3,3,8E,100,G1057,Drimys angustifolia,,,17,2016,2020,2024,15.7,Avançado
PNSJ3,3,8E,100,G466,Drimys angustifolia,,,"18,7",2016,2020,2024,15.7,Avançado
PNSJ3,3,8E,100,G948,Drimys angustifolia,,"19,9",20,2016,2020,2024,15.7,Avançado
PNSJ3,3,8E,100,G955,Drimys angustifolia,"29,5","24,3+25,7","25,5+29,5",2016,2020,2024,15.7,Avançado
PNSJ3,3,8E,100,G970,Drimys angustifolia,,,"17,7",2016,2020,2024,15.7,Avançado
PNSJ3,3,8E,100,G983,Drimys angustifolia,19+8+16,"20+21,4+7,9","27+8,7+28,2",2016,2020,2024,15.7,Avançado
PNSJ3,3,9D,100,E109,Drimys angustifolia,100,"101,7",,2016,2020,2024,15.7,Avançado
PNSJ3,3,9D,100,E513,Siphoneugena reitzii,77+9,"70,6+10,3","72,8",2016,2020,2024,15.7,Avançado
PNSJ3,3,9D,100,E514,Myrceugenia regnelliana,22+8,"24,4+8,4","27,6+8,8+6,3",2016,2020,2024,15.7,Avançado
PNSJ3,3,9D,100,E515,Drimys angustifolia,92,"95,8","99,7",2016,2020,2024,15.7,Avançado
PNSJ3,3,9D,100,E516,Drimys angustifolia,34,34,"36,8",2016,2020,2024,15.7,Avançado
PNSJ3,3,9D,100,E517,Myrceugenia regnelliana,24,24,24,2016,2020,2024,15.7,Avançado
PNSJ3,3,9D,100,E520,Drimys angustifolia,80,"80,9","80,9",2016,2020,2024,15.7,Avançado
PNSJ3,3,9D,100,E521,Siphoneugena reitzii,71+44+10+13+17,"88,2+44+17","18,2+43,9",2016,2020,2024,15.7,Avançado
PNSJ3,3,9D,100,E604,Crinodendron brasiliense,"83,1+71,5","71,8+84,3",88+72,2016,2020,2024,15.7,Avançado
PNSJ3,3,9D,100,E702,Drimys angustifolia,26,27,"32,5",2016,2020,2024,15.7,Avançado
PNSJ3,3,9D,100,E705,Weinmannia paulliniifolia,"115,4",120,"125,6",2016,2020,2024,15.7,Avançado
PNSJ3,3,9D,100,E730,Weinmannia paulliniifolia,"86+93,6+77","86+93,6+77","100,9+90,9+81",2016,2020,2024,15.7,Avançado
PNSJ3,3,9D,100,F151,Myrceugenia regnelliana,,17,"18,5",2016,2020,2024,15.7,Avançado
PNSJ3,3,9D,100,F186,Siphoneugena reitzii,26,"26,4",,2016,2020,2024,15.7,Avançado
PNSJ3,3,9D,100,G592,Siphoneugena reitzii,67,"67,1","67,2",2016,2020,2024,15.7,Avançado
PNSJ3,3,9D,100,G916,Myrceugenia regnelliana,,,"17,3+11,3",2016,2020,2024,15.7,Avançado
PNSJ3,3,9D,100,G940,Siphoneugena reitzii,40+23+43,40+44,44+40,2016,2020,2024,15.7,Avançado
PNSJ3,3,9E,100,E851,Ocotea pulchella,"38,5","41,6","46,5",2016,2020,2024,15.7,Avançado
PNSJ3,3,9E,100,E852,Drimys angustifolia,"28,2","28,2","29,6",2016,2020,2024,15.7,Avançado
PNSJ3,3,9E,100,E857,Drimys angustifolia,"27,5","28,1","32,4",2016,2020,2024,15.7,Avançado
PNSJ3,3,9E,100,E930,Drimys angustifolia,"24,7",28,32,2016,2020,2024,15.7,Avançado
PNSJ3,3,9E,100,E931,Crinodendron brasiliense,19,"21,1","22,4",2016,2020,2024,15.7,Avançado
PNSJ3,3,9E,100,E932,Myrceugenia regnelliana,50+37,"50,2+37,3","51,5+38",2016,2020,2024,15.7,Avançado
PNSJ3,3,9E,100,E933,Myrceugenia regnelliana,"42,5","44,1+7,5+10,2+12,4+7,1",,2016,2020,2024,15.7,Avançado
PNSJ3,3,9E,100,E934,Symphyopappus itatiayensis,"16,1",18,,2016,2020,2024,15.7,Avançado
PNSJ3,3,9E,100,E935,Siphoneugena reitzii,"34,6","37,3","39,8",2016,2020,2024,15.7,Avançado
PNSJ3,3,9E,100,E936,Myrceugenia oxysepala,23,23,"16,2+24,8",2016,2020,2024,15.7,Avançado
PNSJ3,3,9E,100,E937,Myrceugenia oxysepala,17,17,"17,8",2016,2020,2024,15.7,Avançado
PNSJ3,3,9E,100,E938,Crinodendron brasiliense,86,"89,8",,2016,2020,2024,15.7,Avançado
PNSJ3,3,9E,100,E939,Myrceugenia regnelliana,84,"84,3","14,3+85,7+10,2",2016,2020,2024,15.7,Avançado
PNSJ3,3,9E,100,E940,Myrceugenia regnelliana,33+12,"32,9+14,5",,2016,2020,2024,15.7,Avançado
PNSJ3,3,9E,100,E941,Crinodendron brasiliense,50+48,"51,1+48,2","52,2+48,3",2016,2020,2024,15.7,Avançado
PNSJ3,3,9E,100,E942,Crinodendron brasiliense,69,"70,1","74,1",2016,2020,2024,15.7,Avançado
PNSJ3,3,9E,100,E943,Myrceugenia regnelliana,"31,5+20+32","20,5+30,2+32,4","22,1+30,3+32,7",2016,2020,2024,15.7,Avançado
PNSJ3,3,9E,100,E950,Drimys angustifolia,"11,5+15","19,2+11,9","25+14,2",2016,2020,2024,15.7,Avançado
PNSJ3,3,9E,100,E953,Crinodendron brasiliense,36+58,"37,5+58,6","39,8+58,7",2016,2020,2024,15.7,Avançado
PNSJ3,3,9E,100,E954,Crinodendron brasiliense,"40,5+44","42,6+45,4","46,3+44,6",2016,2020,2024,15.7,Avançado
PNSJ3,3,9E,100,E955,Myrceugenia regnelliana,"76,7+6,5+17+12","78,5+6,6+21,1+11,8","83,8+21,1+11,7+6,7",2016,2020,2024,15.7,Avançado
PNSJ3,3,9E,100,E958,Siphoneugena reitzii,"66+7+7,5+9","66,7","67,7",2016,2020,2024,15.7,Avançado
PNSJ3,3,9E,100,E959,Drimys angustifolia,"15,9",19,22,2016,2020,2024,15.7,Avançado
PNSJ3,3,9E,100,E960,Drimys angustifolia,"30+13,5","39,3+13,6","42,4+14,6",2016,2020,2024,15.7,Avançado
PNSJ3,3,9E,100,E961,Crinodendron brasiliense,117+72,119+74,"76,1+120,4",2016,2020,2024,15.7,Avançado
PNSJ3,3,9E,100,E962,Drimys angustifolia,"26,5","26,9",27,2016,2020,2024,15.7,Avançado
PNSJ4,3,10E,100,G964,Myrceugenia glaucescens,,,"16,2",2017,2020,2024,15.7,Inicial/Intermediario
PNSJ4,4,10D,100,294,Myrrhinium atropurpureum,"25,5",,,2017,2020,2024,15.7,Inicial/Intermediario
PNSJ4,4,10D,100,295,Podocarpus lambertii,"23,3",25,"29,5",2017,2020,2024,15.7,Inicial/Intermediario
PNSJ4,4,10D,100,296,Araucaria angustifolia,"114,8",120,"124,5",2017,2020,2024,15.7,Inicial/Intermediario
PNSJ4,4,10D,100,297,Lithraea brasiliensis,25,25,"25,5",2017,2020,2024,15.7,Inicial/Intermediario
PNSJ4,4,10D,100,298,Araucaria angustifolia,"144,5",151,158,2017,2020,2024,15.7,Inicial/Intermediario
PNSJ4,4,10D,100,299,Lithraea brasiliensis,40,"41,6","41,5",2017,2020,2024,15.7,Inicial/Intermediario
PNSJ4,4,10D,100,300,Araucaria angustifolia,"18,5","19,8",20,2017,2020,2024,15.7,Inicial/Intermediario
PNSJ4,4,10D,100,341,Araucaria angustifolia,"117,8","123,4",129,2017,2020,2024,15.7,Inicial/Intermediario
PNSJ4,4,10D,100,342,Araucaria angustifolia,"75,1","81,3","82,4",2017,2020,2024,15.7,Inicial/Intermediario
PNSJ4,4,10D,100,343,Styrax leprosus,"36,8","38,4","43,1",2017,2020,2024,15.7,Inicial/Intermediario
PNSJ4,4,10D,100,344,Araucaria angustifolia,25,25,"26,3",2017,2020,2024,15.7,Inicial/Intermediario
PNSJ4,4,10D,100,345,Araucaria angustifolia,"70,5","72,3","73,6",2017,2020,2024,15.7,Inicial/Intermediario
PNSJ4,4,10D,100,346,Podocarpus lambertii,"16,5","16,8","20,4",2017,2020,2024,15.7,Inicial/Intermediario
PNSJ4,4,10D,100,347,Citronella gongonha,"55,5","56,3","56,9",2017,2020,2024,15.7,Inicial/Intermediario
PNSJ4,4,10D,100,348,Dasyphyllum sp.,"27,5","32,1","33,6",2017,2020,2024,15.7,Inicial/Intermediario
PNSJ4,4,10D,100,349,Dicksonia sellowiana,86,"87,8","88,4",2017,2020,2024,15.7,Inicial/Intermediario
PNSJ4,4,10D,100,F441(350),Araucaria angustifolia,61,"74,6",75,2017,2020,2024,15.7,Inicial/Intermediario
PNSJ4,4,10E,100,339,Araucaria angustifolia,92,100,109,2017,2020,2024,15.7,Inicial/Intermediario
PNSJ4,4,10E,100,340,Drimys brasiliensis,"24,1","25,5","26,2",2017,2020,2024,15.7,Inicial/Intermediario
PNSJ4,4,10E,100,351,Myrsine coriacea,"37,2",40,44,2017,2020,2024,15.7,Inicial/Intermediario
PNSJ4,4,10E,100,352,Feijoa sellowiana,18,18,18,2017,2020,2024,15.7,Inicial/Intermediario
PNSJ4,4,10E,100,353,Styrax leprosus,"77,8","82,8","82,8",2017,2020,2024,15.7,Inicial/Intermediario
PNSJ4,4,10E,100,354,Dicksonia sellowiana,"87,8","93,9",,2017,2020,2024,15.7,Inicial/Intermediario
PNSJ4,4,10E,100,361,Lithraea brasiliensis,"51,7+36","53,4+35","54,9+36,9",2017,2020,2024,15.7,Inicial/Intermediario
PNSJ4,4,10E,100,363,Araucaria angustifolia,"43,2","45,2","48,1",2017,2020,2024,15.7,Inicial/Intermediario
PNSJ4,4,10E,100,365,Drimys brasiliensis,"44,3","26,3+29","27,5+30,7",2017,2020,2024,15.7,Inicial/Intermediario
PNSJ4,4,10E,100,367,Styrax leprosus,37,,,2017,2020,2024,15.7,Inicial/Intermediario
PNSJ4,4,10E,100,368,Baccharis dentata,"20,2","21,5",,2017,2020,2024,15.7,Inicial/Intermediario
PNSJ4,4,10E,100,369,Drimys brasiliensis,"22,4","21,1","21,5",2017,2020,2024,15.7,Inicial/Intermediario
PNSJ4,4,10E,100,370,Escallonia bifida,"48,7","48,1",,2017,2020,2024,15.7,Inicial/Intermediario
PNSJ4,4,10E,100,371,Myrceugenia oxysepala,"15+13,8+12,4+5","14+9,8+11,4",14+10+11,2017,2020,2024,15.7,Inicial/Intermediario
PNSJ4,4,10E,100,372,Myrceugenia glaucescens,"21+8,2","17+8,8","17+8,8",2017,2020,2024,15.7,Inicial/Intermediario
PNSJ4,4,10E,100,373,Feijoa sellowiana,23+14,"23,5+14,1",23+14,2017,2020,2024,15.7,Inicial/Intermediario
PNSJ4,4,10E,100,374,Feijoa sellowiana,23,"27,3","27,3",2017,2020,2024,15.7,Inicial/Intermediario
PNSJ4,4,10E,100,375,Araucaria angustifolia,"79,8","87,1",91,2017,2020,2024,15.7,Inicial/Intermediario
PNSJ4,4,10E,100,376,Podocarpus lambertii,"23,7","28,3","32,1",2017,2020,2024,15.7,Inicial/Intermediario
PNSJ4,4,10E,100,377,Feijoa sellowiana,"22,7","27,8","27,8",2017,2020,2024,15.7,Inicial/Intermediario
PNSJ4,4,10E,100,378,Feijoa sellowiana,24+28,"24,4+28","24,4+28",2017,2020,2024,15.7,Inicial/Intermediario
PNSJ4,4,10E,100,379,Podocarpus lambertii,27,"32,3","35,5",2017,2020,2024,15.7,Inicial/Intermediario
PNSJ4,4,10E,100,F156(366),Dicksonia sellowiana,"76,1","77,5","78,3",2017,2020,2024,15.7,Inicial/Intermediario
PNSJ4,4,10E,100,F440(364),Araucaria angustifolia,"59,7","67,5",73,2017,2020,2024,15.7,Inicial/Intermediario
PNSJ4,4,10E,100,G253,Podocarpus lambertii,,,"16,3",2017,2020,2024,15.7,Inicial/Intermediario
PNSJ4,4,10E,100,G261,Podocarpus lambertii,,,16,2017,2020,2024,15.7,Inicial/Intermediario
PNSJ4,4,10E,100,G626,Dicksonia sellowiana,,,"95,1",2017,2020,2024,15.7,Inicial/Intermediario
PNSJ4,4,10E,100,G629,Dicksonia sellowiana,81,79,"81,4",2017,2020,2024,15.7,Inicial/Intermediario
PNSJ4,4,1D,100,1,Araucaria angustifolia,"91,2",100,"105,5",2017,2020,2024,15.7,Inicial/Intermediario
PNSJ4,4,1D,100,2,Araucaria angustifolia,"35,1",36,"39,5",2017,2020,2024,15.7,Inicial/Intermediario
PNSJ4,4,1D,100,3,Araucaria angustifolia,90,96,101,2017,2020,2024,15.7,Inicial/Intermediario
PNSJ4,4,1D,100,4,Araucaria angustifolia,"25,5","25,5",26,2017,2020,2024,15.7,Inicial/Intermediario
PNSJ4,4,1D,100,5,Araucaria angustifolia,"51,5","58,6",64,2017,2020,2024,15.7,Inicial/Intermediario
PNSJ4,4,1D,100,6,Araucaria angustifolia,75,"80,4",81,2017,2020,2024,15.7,Inicial/Intermediario
PNSJ4,4,1D,100,7,Araucaria angustifolia,"37,5+12,4","38,4+13,8",40+15,2017,2020,2024,15.7,Inicial/Intermediario
PNSJ4,4,1D,100,70,Baccharis uncinella,"11+13+7+5+5,2","15,6+12,9+10,6+6,4","19,6+13+12,8+9,9",2017,2020,2024,15.7,Inicial/Intermediario
PNSJ4,4,1D,100,8,Araucaria angustifolia,64,65,66,2017,2020,2024,15.7,Inicial/Intermediario
PNSJ4,4,1D,100,9,Araucaria angustifolia,"15,7","20,5",21,2017,2020,2024,15.7,Inicial/Intermediario
PNSJ4,4,1D,100,G420,Baccharis uncinella,,,"14,4+6,2+7,5",2017,2020,2024,15.7,Inicial/Intermediario
PNSJ4,4,1D,100,G421,Araucaria angustifolia,41,43,"46,1",2017,2020,2024,15.7,Inicial/Intermediario
PNSJ4,4,1D,100,G432,Araucaria angustifolia,"53,6","56,6","59,6",2017,2020,2024,15.7,Inicial/Intermediario
PNSJ4,4,1D,100,G443,Citronella gongonha,,,"14,9+8,6",2017,2020,2024,15.7,Inicial/Intermediario
PNSJ4,4,1D,100,G932,Baccharis uncinella,,"15,9","16,4",2017,2020,2024,15.7,Inicial/Intermediario
PNSJ4,4,1D,100,G967,Lithraea brasiliensis,,,"19,4+13,3+12,5+17,1+10,3",2017,2020,2024,15.7,Inicial/Intermediario
PNSJ4,4,1D,100,G968,Myrsine coriacea,,,"17,2+14,6",2017,2020,2024,15.7,Inicial/Intermediario
PNSJ4,4,1E,100,61,Araucaria angustifolia,"121,2","122,2","122,2",2017,2020,2024,15.7,Inicial/Intermediario
PNSJ4,4,1E,100,62,Schinus lentiscifolius,,"10,3+12,8",12+15,2017,2020,2024,15.7,Inicial/Intermediario
PNSJ4,4,1E,100,63,Podocarpus lambertii,"12,5+12+14+10","15,3+15,8+18,1+9,8","19,7+19,5+22,3+10,3",2017,2020,2024,15.7,Inicial/Intermediario
PNSJ4,4,1E,100,64,Podocarpus lambertii,"12,8+13,5+11,5+14,5","12,7+18,9+16,3+15,3","18,9+16,7+17,4+21,4+9,1+11",2017,2020,2024,15.7,Inicial/Intermediario
PNSJ4,4,1E,100,65,Araucaria angustifolia,"128,5","128,5","131,8",2017,2020,2024,15.7,Inicial/Intermediario
PNSJ4,4,1E,100,66,Podocarpus lambertii,"7+10+6+7,5+13+12,2+14,3+14,4+9,7+16,4+7+13,8+8+18,7","23,5+18,2+10,2+15,6+13+17,9+5,3+14,8+14,2+9,5+6,2+6,6+11,1+6","16+16+10,5+21+10+18+14+25+10+29+12+16,5",2017,2020,2024,15.7,Inicial/Intermediario
PNSJ4,4,1E,100,67,Baccharis uncinella,,"11+8,1+12,4","12,9+9,6+11,7+9,6+8,9+7,8+17,1",2017,2020,2024,15.7,Inicial/Intermediario
PNSJ4,4,1E,100,69,Baccharis uncinella,"5,8+6,5+3+7,3+8,8+4+8","11+7+11,4+7,3+6,9",,2017,2020,2024,15.7,Inicial/Intermediario
PNSJ4,4,1E,100,71,Schinus lentiscifolius,"15,5+15+16","19,2+11,5+17,2+17,9","22,1+11,7+18,3+18",2017,2020,2024,15.7,Inicial/Intermediario
PNSJ4,4,1E,100,72,Baccharis uncinella,"11+10,8+11+6,3+10","19,1+12+17,2+18,3",,2017,2020,2024,15.7,Inicial/Intermediario
PNSJ4,4,1E,100,73,Baccharis uncinella,12+9+9,,,2017,2020,2024,15.7,Inicial/Intermediario
PNSJ4,4,1E,100,74,Baccharis uncinella,"16,6+11,4+12,2+7,8+5","17+12+12,8","22,7+17,2+14,3",2017,2020,2024,15.7,Inicial/Intermediario
PNSJ4,4,1E,100,75,Escallonia bifida,"11,5+4+9,3+9","10+15+8,2+12,2","12,4+18,6+13,6",2017,2020,2024,15.7,Inicial/Intermediario
PNSJ4,4,1E,100,G419,Podocarpus lambertii,,,"10,4+9,2+7,2+7,1+7,2",2017,2020,2024,15.7,Inicial/Intermediario
PNSJ4,4,1E,100,G910,Myrsine coriacea,,,28,2017,2020,2024,15.7,Inicial/Intermediario
PNSJ4,4,2D,100,11,Araucaria angustifolia,20,"21,8","23,1",2017,2020,2024,15.7,Inicial/Intermediario
PNSJ4,4,2D,100,12,Araucaria angustifolia,"58,3",60,"61,8",2017,2020,2024,15.7,Inicial/Intermediario
PNSJ4,4,2D,100,13,Araucaria angustifolia,"57,1+30,2",31+59,"61,9+32,3",2017,2020,2024,15.7,Inicial/Intermediario
PNSJ4,4,2D,100,14,Araucaria angustifolia,"131,9","138,4",145,2017,2020,2024,15.7,Inicial/Intermediario
PNSJ4,4,2D,100,15,Lithraea brasiliensis,"21,3+14,5","23,5+15,4","24+15,5",2017,2020,2024,15.7,Inicial/Intermediario
PNSJ4,4,2D,100,16,Podocarpus lambertii,"27,7+36,6+20,4","36+30,3+22,8",39+32+24,2017,2020,2024,15.7,Inicial/Intermediario
PNSJ4,4,2D,100,17,Araucaria angustifolia,"92,8","98,3",99,2017,2020,2024,15.7,Inicial/Intermediario
PNSJ4,4,2D,100,18,Araucaria angustifolia,"18,5","22,6","26,1",2017,2020,2024,15.7,Inicial/Intermediario
PNSJ4,4,2D,100,19,Araucaria angustifolia,"21,6","24,1","29,5",2017,2020,2024,15.7,Inicial/Intermediario
PNSJ4,4,2D,100,20,Araucaria angustifolia,"30,2","36,2","42,1",2017,2020,2024,15.7,Inicial/Intermediario
PNSJ4,4,2D,100,21,Berberis laurina,"11+10+13,5","20,2+11+10,9",,2017,2020,2024,15.7,Inicial/Intermediario
PNSJ4,4,2D,100,F169,Podocarpus lambertii,,"20,4","20,4",2017,2020,2024,15.7,Inicial/Intermediario
PNSJ4,4,2D,100,F193,Schinus lentiscifolius,,"13,7+11,5","17,5+14",2017,2020,2024,15.7,Inicial/Intermediario
PNSJ4,4,2D,100,F449,Drimys brasiliensis,,"15,9","20,6",2017,2020,2024,15.7,Inicial/Intermediario
PNSJ4,4,2D,100,G428,Myrsine coriacea,,,"16,7",2017,2020,2024,15.7,Inicial/Intermediario
PNSJ4,4,2D,100,G430,Myrsine coriacea,,,"16,3",2017,2020,2024,15.7,Inicial/Intermediario
PNSJ4,4,2D,100,G431,Maytenus boaria,,,"15,7+10,8+5,6",2017,2020,2024,15.7,Inicial/Intermediario
PNSJ4,4,2D,100,G433,Myrceugenia euosma,,,"14,6+9,1+9,7",2017,2020,2024,15.7,Inicial/Intermediario
PNSJ4,4,2D,100,G440,Podocarpus lambertii,,,"15,2+8,7+7,8",2017,2020,2024,15.7,Inicial/Intermediario
PNSJ4,4,2D,100,G931,Baccharis uncinella,"9,5+8,5+10,2+11,8","13,6+14,5+11,6+17,1",10+16+15,2017,2020,2024,15.7,Inicial/Intermediario
PNSJ4,4,2D,100,G958,Myrsine coriacea,,,"18,5",2017,2020,2024,15.7,Inicial/Intermediario
PNSJ4,4,2E,100,76,Podocarpus lambertii,"49+49,2+53,8+38,7+20,5","52,2+46,4+52,8+32,5+37,5","49,9+57,2+54+33+38,2",2017,2020,2024,15.7,Inicial/Intermediario
PNSJ4,4,2E,100,77,Araucaria angustifolia,26,"26,5","33,5",2017,2020,2024,15.7,Inicial/Intermediario
PNSJ4,4,2E,100,78,Araucaria angustifolia,"41,5+41","47,8+46,9",55+52,2017,2020,2024,15.7,Inicial/Intermediario
PNSJ4,4,2E,100,79,Araucaria angustifolia,20,23,23,2017,2020,2024,15.7,Inicial/Intermediario
PNSJ4,4,2E,100,80,Araucaria angustifolia,"24,3","27,3","32,7",2017,2020,2024,15.7,Inicial/Intermediario
PNSJ4,4,2E,100,81,Araucaria angustifolia,"24,5","24,8",26,2017,2020,2024,15.7,Inicial/Intermediario
PNSJ4,4,2E,100,82,Baccharis uncinella,"13,2+10,3","14,7+25,5+11",,2017,2020,2024,15.7,Inicial/Intermediario
PNSJ4,4,2E,100,83,Araucaria angustifolia,"25,4","27,4","28,5",2017,2020,2024,15.7,Inicial/Intermediario
PNSJ4,4,2E,100,84,Araucaria angustifolia,21,"24,3",25,2017,2020,2024,15.7,Inicial/Intermediario
PNSJ4,4,2E,100,86,Araucaria angustifolia,"24,4","27,4",28,2017,2020,2024,15.7,Inicial/Intermediario
PNSJ4,4,2E,100,87,Araucaria angustifolia,16,"19,5",22,2017,2020,2024,15.7,Inicial/Intermediario
PNSJ4,4,2E,100,88,Vernonanthura montevidensis,"16,8+14+10,8","15+11+9,6",,2017,2020,2024,15.7,Inicial/Intermediario
PNSJ4,4,2E,100,91,Baccharis uncinella,"21,2+10,5",,,2017,2020,2024,15.7,Inicial/Intermediario
PNSJ4,4,2E,100,92,Baccharis uncinella,,"15,2+10,2+8,2",18+8,2017,2020,2024,15.7,Inicial/Intermediario
PNSJ4,4,2E,100,93,Baccharis uncinella,"12,7+6+7,3","16,5+8,5+9,8","7,2+19,1+9,6+10,4+8,2",2017,2020,2024,15.7,Inicial/Intermediario
PNSJ4,4,2E,100,96,Baccharis uncinella,"26,5+19,3+11+13,2",,,2017,2020,2024,15.7,Inicial/Intermediario
PNSJ4,4,2E,100,G423,Myrsine coriacea,,,"18,5",2017,2020,2024,15.7,Inicial/Intermediario
PNSJ4,4,2E,100,G424,Schinus sp.,8+13+4+7,"11,8+9+6,7+5,8+7,3+4,8","9,2+9,8",2017,2020,2024,15.7,Inicial/Intermediario
PNSJ4,4,2E,100,G427,Myrsine coriacea,,,"16,1",2017,2020,2024,15.7,Inicial/Intermediario
PNSJ4,4,2E,100,G437,Baccharis uncinella,,"16+14,8","20,1+19,3",2017,2020,2024,15.7,Inicial/Intermediario
PNSJ4,4,2E,100,G445,Baccharis uncinella,22,23,23,2017,2020,2024,15.7,Inicial/Intermediario
PNSJ4,4,2E,100,G923,Araucaria angustifolia,23,"25,7",29,2017,2020,2024,15.7,Inicial/Intermediario
PNSJ4,4,2E,100,G930,Quillaja lancifolia,"13+9+8,2","17,5+9,5+8,5","28+10,5",2017,2020,2024,15.7,Inicial/Intermediario
PNSJ4,4,3D,100,22,Citronella gongonha,"27+44+21,6","44,5+21,5+20,5","27,8+21,1+44,5",2017,2020,2024,15.7,Inicial/Intermediario
PNSJ4,4,3D,100,23,Drimys brasiliensis,"36,9+22,6","36,2+21,2",,2017,2020,2024,15.7,Inicial/Intermediario
PNSJ4,4,3D,100,24,Oreopanax fulvus,"43,7+46,4","47,5+43,9","44,7+50,4",2017,2020,2024,15.7,Inicial/Intermediario
PNSJ4,4,3D,100,25,Escallonia bifida,45,"46,8",,2017,2020,2024,15.7,Inicial/Intermediario
PNSJ4,4,3D,100,26,Berberis laurina,"15,2+12","15,9+12,6","16,4+12,8",2017,2020,2024,15.7,Inicial/Intermediario
PNSJ4,4,3D,100,27,Araucaria angustifolia,"17,5","21,1","22,9",2017,2020,2024,15.7,Inicial/Intermediario
PNSJ4,4,3D,100,28,Podocarpus lambertii,36,"36,5","47,5",2017,2020,2024,15.7,Inicial/Intermediario
PNSJ4,4,3D,100,29,Araucaria angustifolia,"19,8","25,5","31,5",2017,2020,2024,15.7,Inicial/Intermediario
PNSJ4,4,3D,100,30,Lithraea brasiliensis,"52,9","55,9","55,9",2017,2020,2024,15.7,Inicial/Intermediario
PNSJ4,4,3D,100,31,Prunus myrtifolia,63,"64,2",67,2017,2020,2024,15.7,Inicial/Intermediario
PNSJ4,4,3D,100,32,Styrax leprosus,"47,7+54","48,3+53,7",54+49,2017,2020,2024,15.7,Inicial/Intermediario
PNSJ4,4,3D,100,33,Citronella gongonha,"69,1","70,7","70,7",2017,2020,2024,15.7,Inicial/Intermediario
PNSJ4,4,3D,100,34,Citronella gongonha,"18,5+54,5","55,3+24","56,7",2017,2020,2024,15.7,Inicial/Intermediario
PNSJ4,4,3D,100,35,Schinus sp.,18,18,19,2017,2020,2024,15.7,Inicial/Intermediario
PNSJ4,4,3D,100,36,Podocarpus lambertii,37,"43,1",51,2017,2020,2024,15.7,Inicial/Intermediario
PNSJ4,4,3D,100,37,Lithraea brasiliensis,"43,5","44,8","46,2",2017,2020,2024,15.7,Inicial/Intermediario
PNSJ4,4,3D,100,39,Drimys brasiliensis,"44,5","44,9",47,2017,2020,2024,15.7,Inicial/Intermediario
PNSJ4,4,3D,100,40,Myrcia selloi,15+14+15,"15,1+14,4+15,2","15,2+15,4+14,9",2017,2020,2024,15.7,Inicial/Intermediario
PNSJ4,4,3D,100,41,Lithraea brasiliensis,"19,9+21+8,9","20,5+19,8+9,7","20,9+22,6+10,3",2017,2020,2024,15.7,Inicial/Intermediario
PNSJ4,4,3D,100,42,Podocarpus lambertii,23+24,"27,1+27,5","29,7+29,6",2017,2020,2024,15.7,Inicial/Intermediario
PNSJ4,4,3D,100,F443,Myrsine coriacea,,"15,7","21,5",2017,2020,2024,15.7,Inicial/Intermediario
PNSJ4,4,3D,100,F447,Citronella gongonha,33,"33,2","36,5",2017,2020,2024,15.7,Inicial/Intermediario
PNSJ4,4,3D,100,G442,Lithraea brasiliensis,"40,4","41,9","45,8",2017,2020,2024,15.7,Inicial/Intermediario
PNSJ4,4,3E,100,100,Podocarpus lambertii,22+18+23,"23,6+20,4+25,6","22,2+24,1+28,1",2017,2020,2024,15.7,Inicial/Intermediario
PNSJ4,4,3E,100,101,Podocarpus lambertii,"28,8","29,7","32,4+17,2",2017,2020,2024,15.7,Inicial/Intermediario
PNSJ4,4,3E,100,103,Drimys brasiliensis,"24,3",26,"28,5",2017,2020,2024,15.7,Inicial/Intermediario
PNSJ4,4,3E,100,104,Citronella gongonha,53,"54,9",56,2017,2020,2024,15.7,Inicial/Intermediario
PNSJ4,4,3E,100,105,Styrax leprosus,"74,7+42","46,2+75,5","46,2+77",2017,2020,2024,15.7,Inicial/Intermediario
PNSJ4,4,3E,100,106,Myrceugenia glaucescens,"27+15,3","16,1+27,5",28+19,2017,2020,2024,15.7,Inicial/Intermediario
PNSJ4,4,3E,100,107,Citronella gongonha,40+12,40+13,40+13,2017,2020,2024,15.7,Inicial/Intermediario
PNSJ4,4,3E,100,108,Araucaria angustifolia,"42,1","47,4","51,5",2017,2020,2024,15.7,Inicial/Intermediario
PNSJ4,4,3E,100,109,Araucaria angustifolia,,,"15,7",2017,2020,2024,15.7,Inicial/Intermediario
PNSJ4,4,3E,100,110,Araucaria angustifolia,30,"31,8","32,2",2017,2020,2024,15.7,Inicial/Intermediario
PNSJ4,4,3E,100,111,Myrrhinium atropurpureum,21,21,21,2017,2020,2024,15.7,Inicial/Intermediario
PNSJ4,4,3E,100,112,Podocarpus lambertii,24,"27,5",31,2017,2020,2024,15.7,Inicial/Intermediario
PNSJ4,4,3E,100,113,Myrrhinium atropurpureum,"20,5","20,5",,2017,2020,2024,15.7,Inicial/Intermediario
PNSJ4,4,3E,100,114,Podocarpus lambertii,"35,5","39,1","43,6",2017,2020,2024,15.7,Inicial/Intermediario
PNSJ4,4,3E,100,115,Araucaria angustifolia,16,"16,9","16,9",2017,2020,2024,15.7,Inicial/Intermediario
PNSJ4,4,3E,100,116,Podocarpus lambertii,26+35,"36,3+35,2","37,4+35,2",2017,2020,2024,15.7,Inicial/Intermediario
PNSJ4,4,3E,100,117,Podocarpus lambertii,"31,5","34,8","37,1",2017,2020,2024,15.7,Inicial/Intermediario
PNSJ4,4,3E,100,118,Podocarpus lambertii,"35,7","38,2","39,4",2017,2020,2024,15.7,Inicial/Intermediario
PNSJ4,4,3E,100,119,Araucaria angustifolia,36,"39,3","43,7",2017,2020,2024,15.7,Inicial/Intermediario
PNSJ4,4,3E,100,120,Araucaria angustifolia,"77,3","85,2",96,2017,2020,2024,15.7,Inicial/Intermediario
PNSJ4,4,3E,100,121,Araucaria angustifolia,65,"69,4","73,8",2017,2020,2024,15.7,Inicial/Intermediario
PNSJ4,4,3E,100,122,Araucaria angustifolia,36,"41,8",45,2017,2020,2024,15.7,Inicial/Intermediario
PNSJ4,4,3E,100,123,Araucaria angustifolia,21,"23,5",24,2017,2020,2024,15.7,Inicial/Intermediario
PNSJ4,4,3E,100,98,Drimys brasiliensis,"23+20,8","20,8+22","22,6+20,8",2017,2020,2024,15.7,Inicial/Intermediario
PNSJ4,4,3E,100,99,Schinus sp.,22,21,21,2017,2020,2024,15.7,Inicial/Intermediario
PNSJ4,4,3E,100,G436,Lithraea brasiliensis,"29+33+42,2+36","29+33,7+42,2+37","43,6+38,3+34,5+29",2017,2020,2024,15.7,Inicial/Intermediario
PNSJ4,4,4D,100,43,Myrceugenia euosma,"26,4+29","28,5+29",29+29,2017,2020,2024,15.7,Inicial/Intermediario
PNSJ4,4,4D,100,44,Styrax leprosus,27,"28,7","30,1",2017,2020,2024,15.7,Inicial/Intermediario
PNSJ4,4,4D,100,45,Podocarpus lambertii,26,"32,5","34,6",2017,2020,2024,15.7,Inicial/Intermediario
PNSJ4,4,4D,100,46,Citronella gongonha,"19,5","19,5","19,5",2017,2020,2024,15.7,Inicial/Intermediario
PNSJ4,4,4D,100,48,Myrrhinium atropurpureum,"20,7+21,5","20,8+21,5","21+21,5",2017,2020,2024,15.7,Inicial/Intermediario
PNSJ4,4,4D,100,49,Oreopanax fulvus,"21,8","28,2","23,3",2017,2020,2024,15.7,Inicial/Intermediario
PNSJ4,4,4D,100,50,Lithraea brasiliensis,30,"30,8","32,2",2017,2020,2024,15.7,Inicial/Intermediario
PNSJ4,4,4D,100,51,Araucaria angustifolia,"103,9",107,108,2017,2020,2024,15.7,Inicial/Intermediario
PNSJ4,4,4D,100,52,Podocarpus lambertii,26,"27,8","29,5",2017,2020,2024,15.7,Inicial/Intermediario
PNSJ4,4,4D,100,53,Maytenus boaria,"18,3","19,4",,2017,2020,2024,15.7,Inicial/Intermediario
PNSJ4,4,4D,100,54,Araucaria angustifolia,"115,7","120,3",124,2017,2020,2024,15.7,Inicial/Intermediario
PNSJ4,4,4D,100,55,Lithraea brasiliensis,"27,3+41,6","44,7+15,8","44,7",2017,2020,2024,15.7,Inicial/Intermediario
PNSJ4,4,4D,100,56,Araucaria angustifolia,"100,5","106,9",108,2017,2020,2024,15.7,Inicial/Intermediario
PNSJ4,4,4D,100,58,Podocarpus lambertii,"21,5","23,6","28,2",2017,2020,2024,15.7,Inicial/Intermediario
PNSJ4,4,4D,100,F167,Podocarpus lambertii,,"17,7","17,7",2017,2020,2024,15.7,Inicial/Intermediario
PNSJ4,4,4D,100,F168,Citronella gongonha,,"16,5",17,2017,2020,2024,15.7,Inicial/Intermediario
PNSJ4,4,4D,100,G262,Myrceugenia glaucescens,,"12,5+8,2+8,9+7","11,3+9,5+9",2017,2020,2024,15.7,Inicial/Intermediario
PNSJ4,4,4D,100,G263,Myrsine coriacea,,,"22,1",2017,2020,2024,15.7,Inicial/Intermediario
PNSJ4,4,4D,100,G274,Drimys brasiliensis,,,"19,5",2017,2020,2024,15.7,Inicial/Intermediario
PNSJ4,4,4D,100,G434,Myrsine coriacea,,,"19,3",2017,2020,2024,15.7,Inicial/Intermediario
PNSJ4,4,4D,100,G926,Podocarpus lambertii,"35,5","39,3",44,2017,2020,2024,15.7,Inicial/Intermediario
PNSJ4,4,4D,100,G928,Mimosa pilulifera,,,14+9+11+11,2017,2020,2024,15.7,Inicial/Intermediario
PNSJ4,4,4E,100,124,Feijoa sellowiana,"20,8","21,5+9,5","22+9,5",2017,2020,2024,15.7,Inicial/Intermediario
PNSJ4,4,4E,100,125,Myrceugenia glaucescens,"18,5","18,5","18,5",2017,2020,2024,15.7,Inicial/Intermediario
PNSJ4,4,4E,100,126,Araucaria angustifolia,26,"28,8","31,6",2017,2020,2024,15.7,Inicial/Intermediario
PNSJ4,4,4E,100,127,Feijoa sellowiana,19,,,2017,2020,2024,15.7,Inicial/Intermediario
PNSJ4,4,4E,100,128,Araucaria angustifolia,"44,8","48,3","52,7",2017,2020,2024,15.7,Inicial/Intermediario
PNSJ4,4,4E,100,131,Lithraea brasiliensis,21,21,21,2017,2020,2024,15.7,Inicial/Intermediario
PNSJ4,4,4E,100,134,Baccharis uncinella,21,"23,4",,2017,2020,2024,15.7,Inicial/Intermediario
PNSJ4,4,4E,100,135,Podocarpus lambertii,61,"62,2",62,2017,2020,2024,15.7,Inicial/Intermediario
PNSJ4,4,4E,100,136,Araucaria angustifolia,"28,7","29,5",30,2017,2020,2024,15.7,Inicial/Intermediario
PNSJ4,4,4E,100,137,Podocarpus lambertii,"64,4","68,2","70,4",2017,2020,2024,15.7,Inicial/Intermediario
PNSJ4,4,4E,100,138,Podocarpus lambertii,34,"37,2","40,5",2017,2020,2024,15.7,Inicial/Intermediario
PNSJ4,4,4E,100,139,Mimosa scabrella,99,115,"129,3",2017,2020,2024,15.7,Inicial/Intermediario
PNSJ4,4,4E,100,F158,Drimys brasiliensis,,"17,2","18,7",2017,2020,2024,15.7,Inicial/Intermediario
PNSJ4,4,4E,100,G255,Podocarpus lambertii,43,46,"55,3",2017,2020,2024,15.7,Inicial/Intermediario
PNSJ4,4,4E,100,G422,Podocarpus lambertii,49,"51,3","55,8",2017,2020,2024,15.7,Inicial/Intermediario
PNSJ4,4,4E,100,G435,Podocarpus lambertii,"45,2",50,"53,5",2017,2020,2024,15.7,Inicial/Intermediario
PNSJ4,4,4E,100,G925,Berberis laurina,14+10,"14+14,9+11,9","14,5+15+12",2017,2020,2024,15.7,Inicial/Intermediario
PNSJ4,4,4E,100,G929,Blepharocalyx salicifolius,,,"16,5",2017,2020,2024,15.7,Inicial/Intermediario
PNSJ4,4,5D,100,150,Styrax leprosus,32,"32,9","33,5+11,8+6",2017,2020,2024,15.7,Inicial/Intermediario
PNSJ4,4,5D,100,151,Myrrhinium atropurpureum,"23,5","23,6","23,6",2017,2020,2024,15.7,Inicial/Intermediario
PNSJ4,4,5D,100,152,Araucaria angustifolia,"73,5","75,3","75,3",2017,2020,2024,15.7,Inicial/Intermediario
PNSJ4,4,5D,100,154,Myrrhinium atropurpureum,"34,4","35,1","35,9",2017,2020,2024,15.7,Inicial/Intermediario
PNSJ4,4,5D,100,155,Araucaria angustifolia,84,"86,5","86,5",2017,2020,2024,15.7,Inicial/Intermediario
PNSJ4,4,5D,100,156,Drimys brasiliensis,"34,5","35,2","37,4",2017,2020,2024,15.7,Inicial/Intermediario
PNSJ4,4,5D,100,157,Myrrhinium atropurpureum,"22,8+27,5+27,5",26+29+23,26+29+24,2017,2020,2024,15.7,Inicial/Intermediario
PNSJ4,4,5D,100,158,Prunus myrtifolia,35,"35,3",37,2017,2020,2024,15.7,Inicial/Intermediario
PNSJ4,4,5D,100,159,Lithraea brasiliensis,"41,5","41,7","44,5",2017,2020,2024,15.7,Inicial/Intermediario
PNSJ4,4,5D,100,160,Araucaria angustifolia,39,"38,7",39,2017,2020,2024,15.7,Inicial/Intermediario
PNSJ4,4,5D,100,161,Araucaria angustifolia,54,"61,2","61,2",2017,2020,2024,15.7,Inicial/Intermediario
PNSJ4,4,5D,100,162,Araucaria angustifolia,"122,4","127,8",128,2017,2020,2024,15.7,Inicial/Intermediario
PNSJ4,4,5D,100,163,Citronella gongonha,"24,7","25,7","25,7",2017,2020,2024,15.7,Inicial/Intermediario
PNSJ4,4,5D,100,164,Araucaria angustifolia,"44,5","46,8","47,5",2017,2020,2024,15.7,Inicial/Intermediario
PNSJ4,4,5D,100,165,Araucaria angustifolia,"37,6","39,5",40,2017,2020,2024,15.7,Inicial/Intermediario
PNSJ4,4,5D,100,167,Myrceugenia regnelliana,"11+9,5+10+26,5","27,3+18,2+9,5+10,6+12,8","27,5+10,5+12,5",2017,2020,2024,15.7,Inicial/Intermediario
PNSJ4,4,5D,100,169,Lithraea brasiliensis,"25+24,3","25,9+24,9","26,6+26,4",2017,2020,2024,15.7,Inicial/Intermediario
PNSJ4,4,5D,100,170,Lithraea brasiliensis,"39,9","41,3","41,3",2017,2020,2024,15.7,Inicial/Intermediario
PNSJ4,4,5D,100,171,Citronella gongonha,"27,3+23,5+17,4","26,8+23,9+19,9","24,9+26,8+19,9",2017,2020,2024,15.7,Inicial/Intermediario
PNSJ4,4,5D,100,59,Oreopanax fulvus,"58,8","58,7",59,2017,2020,2024,15.7,Inicial/Intermediario
PNSJ4,4,5D,100,60,Lithraea brasiliensis,"33,5","34,9","34,9",2017,2020,2024,15.7,Inicial/Intermediario
PNSJ4,4,5D,100,F166(166),Prunus myrtifolia,"35,5","37,8","37,8",2017,2020,2024,15.7,Inicial/Intermediario
PNSJ4,4,5D,100,F458(168),Araucaria angustifolia,"62,5","63,7","66,5",2017,2020,2024,15.7,Inicial/Intermediario
PNSJ4,4,5D,100,G418,Lithraea brasiliensis,61,"63,5","63,5",2017,2020,2024,15.7,Inicial/Intermediario
PNSJ4,4,5E,100,140,Dicksonia sellowiana,61,,,2017,2020,2024,15.7,Inicial/Intermediario
PNSJ4,4,5E,100,141,Citronella gongonha,"18,2",18,"19,5",2017,2020,2024,15.7,Inicial/Intermediario
PNSJ4,4,5E,100,142,Lithraea brasiliensis,76,78,78,2017,2020,2024,15.7,Inicial/Intermediario
PNSJ4,4,5E,100,143,Dicksonia sellowiana,"99,3",,,2017,2020,2024,15.7,Inicial/Intermediario
PNSJ4,4,5E,100,144,Lithraea brasiliensis,57,55,55,2017,2020,2024,15.7,Inicial/Intermediario
PNSJ4,4,5E,100,145,Araucaria angustifolia,46,"50,8","57,5",2017,2020,2024,15.7,Inicial/Intermediario
PNSJ4,4,5E,100,146,Feijoa sellowiana,32+27,"32,6+27,8","32,7",2017,2020,2024,15.7,Inicial/Intermediario
PNSJ4,4,5E,100,147,Lithraea brasiliensis,62,72,72,2017,2020,2024,15.7,Inicial/Intermediario
PNSJ4,4,5E,100,148,Berberis laurina,"10+6,5+8,5","11,5+6,7+8,6","6,8+8,7+7,1",2017,2020,2024,15.7,Inicial/Intermediario
PNSJ4,4,5E,100,149,Araucaria angustifolia,"61,4",71,77,2017,2020,2024,15.7,Inicial/Intermediario
PNSJ4,4,5E,100,200,Drimys brasiliensis,"21,4","21,8","21,8",2017,2020,2024,15.7,Inicial/Intermediario
PNSJ4,4,5E,100,201,Drimys brasiliensis,"14,5+6","15,6+6,3","15,9+6,6",2017,2020,2024,15.7,Inicial/Intermediario
PNSJ4,4,5E,100,202,Lithraea brasiliensis,"38,4","40,5","41,5",2017,2020,2024,15.7,Inicial/Intermediario
PNSJ4,4,5E,100,203,Feijoa sellowiana,"27+30+19,2","26,3+29,5+35,2","29,5+26,5+33",2017,2020,2024,15.7,Inicial/Intermediario
PNSJ4,4,5E,100,204,Mimosa scabrella,"53,7","64,1","70,4",2017,2020,2024,15.7,Inicial/Intermediario
PNSJ4,4,5E,100,205,Drimys brasiliensis,"15,7",19,19,2017,2020,2024,15.7,Inicial/Intermediario
PNSJ4,4,5E,100,206,Ocotea pulchella,20,20,20,2017,2020,2024,15.7,Inicial/Intermediario
PNSJ4,4,5E,100,207,Berberis laurina,"10+9,7+12+5,8","13+11,3+8+7","11,3+8",2017,2020,2024,15.7,Inicial/Intermediario
PNSJ4,4,5E,100,208,Lithraea brasiliensis,51,"51,8","52,8",2017,2020,2024,15.7,Inicial/Intermediario
PNSJ4,4,5E,100,209,Lithraea brasiliensis,"45,3+79","45,6+79,9","45,6+82,3",2017,2020,2024,15.7,Inicial/Intermediario
PNSJ4,4,5E,100,F195,Myrceugenia oxysepala,,"18,5","18,5",2017,2020,2024,15.7,Inicial/Intermediario
PNSJ4,4,6D,100,172,Citronella gongonha,56,"56,4","56,8",2017,2020,2024,15.7,Inicial/Intermediario
PNSJ4,4,6D,100,173,Podocarpus lambertii,34,"37,7","42,9",2017,2020,2024,15.7,Inicial/Intermediario
PNSJ4,4,6D,100,174,Araucaria angustifolia,"33,4","34,9","34,9",2017,2020,2024,15.7,Inicial/Intermediario
PNSJ4,4,6D,100,175,Araucaria angustifolia,97,"99,5","106,4",2017,2020,2024,15.7,Inicial/Intermediario
PNSJ4,4,6D,100,176,Berberis laurina,"10,5+10+9+8,5+9,3+7+5+5,5","11,5+9,5+9+8,7+9,3+7,7+6+6+7","13,2+9,5+10,1+7,2+8,3+6,8+8,1+6,5+9,2+9,3+7,8",2017,2020,2024,15.7,Inicial/Intermediario
PNSJ4,4,6D,100,177,Podocarpus lambertii,"28,5",33,"37,2",2017,2020,2024,15.7,Inicial/Intermediario
PNSJ4,4,6D,100,178,Araucaria angustifolia,"68,5","74,5",79,2017,2020,2024,15.7,Inicial/Intermediario
PNSJ4,4,6D,100,179,Ocotea pulchella,"38,5","40,5",41,2017,2020,2024,15.7,Inicial/Intermediario
PNSJ4,4,6D,100,180,Lithraea brasiliensis,"46,5+34,4","46+35,1","46+36,5",2017,2020,2024,15.7,Inicial/Intermediario
PNSJ4,4,6D,100,181,Styrax leprosus,"19,3","20,2","20,2",2017,2020,2024,15.7,Inicial/Intermediario
PNSJ4,4,6D,100,182,Feijoa sellowiana,"32+25,8+22,5+13,5+11,5","34,9+24,1+25,3","35,2+25+25,6",2017,2020,2024,15.7,Inicial/Intermediario
PNSJ4,4,6D,100,183,Prunus myrtifolia,"28+33,3",28,"28,3",2017,2020,2024,15.7,Inicial/Intermediario
PNSJ4,4,6D,100,184,Lithraea brasiliensis,56,"56,1","56,6",2017,2020,2024,15.7,Inicial/Intermediario
PNSJ4,4,6D,100,185,Lithraea brasiliensis,"45,4+46,5+16,2","46+45,6+16","47,7+46,2+17,4",2017,2020,2024,15.7,Inicial/Intermediario
PNSJ4,4,6D,100,187,Berberis laurina,"16,4+11+17,5+15+9,3+11","10,2+10,6+17,2","11+10,2+17",2017,2020,2024,15.7,Inicial/Intermediario
PNSJ4,4,6D,100,188,Araucaria angustifolia,"52,3",56,"59,8",2017,2020,2024,15.7,Inicial/Intermediario
PNSJ4,4,6D,100,189,Feijoa sellowiana,"17,3","17,3","17,3",2017,2020,2024,15.7,Inicial/Intermediario
PNSJ4,4,6D,100,190,Myrceugenia mesomischa,"12+20,5+52,1","52,5+22,1+14,3","52,5+14+22",2017,2020,2024,15.7,Inicial/Intermediario
PNSJ4,4,6D,100,191,Myrrhinium atropurpureum,"18+12,2","17,1+13,1","17,5+13",2017,2020,2024,15.7,Inicial/Intermediario
PNSJ4,4,6D,100,F162,Myrrhinium atropurpureum,,"17,3",19,2017,2020,2024,15.7,Inicial/Intermediario
PNSJ4,4,6D,100,F163,Podocarpus lambertii,,"16,1","19,4",2017,2020,2024,15.7,Inicial/Intermediario
PNSJ4,4,6D,100,F164,Myrrhinium atropurpureum,,"16,5+13+13,1+10","15,5+8",2017,2020,2024,15.7,Inicial/Intermediario
PNSJ4,4,6D,100,F165,Drimys brasiliensis,,"17,3",19,2017,2020,2024,15.7,Inicial/Intermediario
PNSJ4,4,6D,100,F442(186),Araucaria angustifolia,84,93,99,2017,2020,2024,15.7,Inicial/Intermediario
PNSJ4,4,6D,100,F459,Araucaria angustifolia,,20,"22,2",2017,2020,2024,15.7,Inicial/Intermediario
PNSJ4,4,6E,100,211,Berberis laurina,,"8,8+8+10+8+6","9,6+6,5+13+8,7",2017,2020,2024,15.7,Inicial/Intermediario
PNSJ4,4,6E,100,212,Araucaria angustifolia,"70,3","70,3","72,9",2017,2020,2024,15.7,Inicial/Intermediario
PNSJ4,4,6E,100,213,Araucaria angustifolia,96,"96,5",96,2017,2020,2024,15.7,Inicial/Intermediario
PNSJ4,4,6E,100,214,Araucaria angustifolia,116,117,"120,2",2017,2020,2024,15.7,Inicial/Intermediario
PNSJ4,4,6E,100,215,Citronella gongonha,"56,5",55,55,2017,2020,2024,15.7,Inicial/Intermediario
PNSJ4,4,6E,100,216,Feijoa sellowiana,"19,5",20,"20,5",2017,2020,2024,15.7,Inicial/Intermediario
PNSJ4,4,6E,100,218,Oreopanax fulvus,"24,3","22,5",25,2017,2020,2024,15.7,Inicial/Intermediario
PNSJ4,4,6E,100,219,Podocarpus lambertii,24,"25,1",29,2017,2020,2024,15.7,Inicial/Intermediario
PNSJ4,4,6E,100,220,Lithraea brasiliensis,28,26,26,2017,2020,2024,15.7,Inicial/Intermediario
PNSJ4,4,6E,100,221,Ocotea pulchella,"17,3","18,8",19,2017,2020,2024,15.7,Inicial/Intermediario
PNSJ4,4,6E,100,222,Podocarpus lambertii,"22,3","25,6",30,2017,2020,2024,15.7,Inicial/Intermediario
PNSJ4,4,6E,100,223,Drimys brasiliensis,"29,1","30,3","30,3",2017,2020,2024,15.7,Inicial/Intermediario
PNSJ4,4,6E,100,224,Araucaria angustifolia,92,"93,2","93,2",2017,2020,2024,15.7,Inicial/Intermediario
PNSJ4,4,6E,100,225,Feijoa sellowiana,18,19,19,2017,2020,2024,15.7,Inicial/Intermediario
PNSJ4,4,6E,100,226,Myrceugenia glaucescens,"9,5+5+6+5+6,5+4+12,5","12,5+11,1+7,6+7,8+5,4","13,2+6,4+7,4+11,2",2017,2020,2024,15.7,Inicial/Intermediario
PNSJ4,4,6E,100,227,Araucaria angustifolia,57,"59,9","63,6",2017,2020,2024,15.7,Inicial/Intermediario
PNSJ4,4,6E,100,228,Araucaria angustifolia,"141,5",150,155,2017,2020,2024,15.7,Inicial/Intermediario
PNSJ4,4,6E,100,229,Berberis laurina,17,,,2017,2020,2024,15.7,Inicial/Intermediario
PNSJ4,4,6E,100,230,Podocarpus lambertii,"27,2","31,2",33,2017,2020,2024,15.7,Inicial/Intermediario
PNSJ4,4,6E,100,231,Mimosa scabrella,"19,8","27,6","34,5",2017,2020,2024,15.7,Inicial/Intermediario
PNSJ4,4,6E,100,232,Mimosa scabrella,"22,8","32,1",,2017,2020,2024,15.7,Inicial/Intermediario
PNSJ4,4,6E,100,233,Podocarpus lambertii,44,"45,7","47,8",2017,2020,2024,15.7,Inicial/Intermediario
PNSJ4,4,6E,100,F155,Myrceugenia euosma,,"16,1","16,2",2017,2020,2024,15.7,Inicial/Intermediario
PNSJ4,4,6E,100,F159,Drimys brasiliensis,,"16,3","16,3",2017,2020,2024,15.7,Inicial/Intermediario
PNSJ4,4,7D,100,192,Ocotea pulchella,22,"22,5","26,4",2017,2020,2024,15.7,Inicial/Intermediario
PNSJ4,4,7D,100,193,Araucaria angustifolia,73,"76,1","80,4",2017,2020,2024,15.7,Inicial/Intermediario
PNSJ4,4,7D,100,194,Prunus myrtifolia,20,21,"22,9",2017,2020,2024,15.7,Inicial/Intermediario
PNSJ4,4,7D,100,195,Podocarpus lambertii,29,"33,9",37,2017,2020,2024,15.7,Inicial/Intermediario
PNSJ4,4,7D,100,196,Lithraea brasiliensis,23+27,"25,5+14,5+27,6",26+14+26,2017,2020,2024,15.7,Inicial/Intermediario
PNSJ4,4,7D,100,197,Drimys brasiliensis,17,20,"20,7",2017,2020,2024,15.7,Inicial/Intermediario
PNSJ4,4,7D,100,198,Berberis laurina,"17,5","18,1+7,8","18,2+10,5+13,1+15,2+11,7",2017,2020,2024,15.7,Inicial/Intermediario
PNSJ4,4,7D,100,199,Lithraea brasiliensis,32,34,35,2017,2020,2024,15.7,Inicial/Intermediario
PNSJ4,4,7D,100,241,Podocarpus lambertii,29,"32,1",35,2017,2020,2024,15.7,Inicial/Intermediario
PNSJ4,4,7D,100,242,Araucaria angustifolia,102,"109,2",111,2017,2020,2024,15.7,Inicial/Intermediario
PNSJ4,4,7D,100,243,Podocarpus lambertii,"26,2","27,7","29,3",2017,2020,2024,15.7,Inicial/Intermediario
PNSJ4,4,7D,100,244,Lithraea brasiliensis,"43+37,2+36+22","44,3+38,4+35,2+22,9",43+41+35+22,2017,2020,2024,15.7,Inicial/Intermediario
PNSJ4,4,7D,100,245,Maytenus boaria,"23,5",25,27,2017,2020,2024,15.7,Inicial/Intermediario
PNSJ4,4,7D,100,246,Podocarpus lambertii,16,"27,3","53,3",2017,2020,2024,15.7,Inicial/Intermediario
PNSJ4,4,7D,100,247,Drimys brasiliensis,16,"16,1","18,1",2017,2020,2024,15.7,Inicial/Intermediario
PNSJ4,4,7D,100,248,Dicksonia sellowiana,"73,3","71,3","78,4",2017,2020,2024,15.7,Inicial/Intermediario
PNSJ4,4,7D,100,249,Podocarpus lambertii,27,"28,3",30,2017,2020,2024,15.7,Inicial/Intermediario
PNSJ4,4,7D,100,F161,Prunus myrtifolia,18,"18,6","19,2",2017,2020,2024,15.7,Inicial/Intermediario
PNSJ4,4,7D,100,G278,Lithraea brasiliensis,,,"16,9",2017,2020,2024,15.7,Inicial/Intermediario
PNSJ4,4,7E,100,234,Feijoa sellowiana,"22,3","24,9","24,9",2017,2020,2024,15.7,Inicial/Intermediario
PNSJ4,4,7E,100,235,Berberis laurina,"15,7","19,2","19,2",2017,2020,2024,15.7,Inicial/Intermediario
PNSJ4,4,7E,100,236,Feijoa sellowiana,"19,3+13","18+13,5",18+13,2017,2020,2024,15.7,Inicial/Intermediario
PNSJ4,4,7E,100,237,Berberis laurina,"11,3+9,8","11,3+9,8","9,8+11,3",2017,2020,2024,15.7,Inicial/Intermediario
PNSJ4,4,7E,100,238,Feijoa sellowiana,"20,7","20,6","20,6",2017,2020,2024,15.7,Inicial/Intermediario
PNSJ4,4,7E,100,240,Berberis laurina,16,"16,5",17,2017,2020,2024,15.7,Inicial/Intermediario
PNSJ4,4,7E,100,301,Podocarpus lambertii,"53,7","55,2","59,1",2017,2020,2024,15.7,Inicial/Intermediario
PNSJ4,4,7E,100,302,Citronella gongonha,"25,3","26,8","27,4",2017,2020,2024,15.7,Inicial/Intermediario
PNSJ4,4,7E,100,303,Myrceugenia glaucescens,"21,7","21,4","22,4",2017,2020,2024,15.7,Inicial/Intermediario
PNSJ4,4,7E,100,304,Araucaria angustifolia,"55,3","59,9",62,2017,2020,2024,15.7,Inicial/Intermediario
PNSJ4,4,7E,100,305,Myrceugenia oxysepala,"23+14+5+6+9+7,2+8+6,3+7,8","24+15,1+5,5+7,6+7,5+9,6+5,1+7,3","25+15,4+9+7,3+11,9+7,2",2017,2020,2024,15.7,Inicial/Intermediario
PNSJ4,4,7E,100,306,Lithraea brasiliensis,"41,3+40+45,2+45","45,2+45+40,8+41","48,1+48,2+44+42,8",2017,2020,2024,15.7,Inicial/Intermediario
PNSJ4,4,7E,100,308,Myrceugenia glaucescens,"14+6,3+7,3+5,8+14+7,3","14,4+6+8,5+6+5+12,5+9,5+8+6,5+8,5+5,5","14,5+9,5+8+7,7+10,2",2017,2020,2024,15.7,Inicial/Intermediario
PNSJ4,4,7E,100,309,Podocarpus lambertii,"28,3",32,"36,9",2017,2020,2024,15.7,Inicial/Intermediario
PNSJ4,4,7E,100,310,Podocarpus lambertii,"76,8","76,6","84,5",2017,2020,2024,15.7,Inicial/Intermediario
PNSJ4,4,7E,100,311,Myrceugenia glaucescens,"6+9+13,2+11",,,2017,2020,2024,15.7,Inicial/Intermediario
PNSJ4,4,7E,100,F160/260,Feijoa sellowiana,,"19,5","19,5",2017,2020,2024,15.7,Inicial/Intermediario
PNSJ4,4,7E,100,F198,Podocarpus lambertii,27,"29,6","31,5",2017,2020,2024,15.7,Inicial/Intermediario
PNSJ4,4,7E,100,G260,Myrceugenia glaucescens,,"12+13,4+11+9,6","15,3+9,8",2017,2020,2024,15.7,Inicial/Intermediario
PNSJ4,4,7E,100,G305,Myrceugenia oxysepala,,"14+8+6,4+6,6","7,3",2017,2020,2024,15.7,Inicial/Intermediario
PNSJ4,4,7E,100,G624,Myrceugenia euosma,,,"14+9,3+8,4",2017,2020,2024,15.7,Inicial/Intermediario
PNSJ4,4,8D,100,250,Podocarpus lambertii,50,"52,1","58,7",2017,2020,2024,15.7,Inicial/Intermediario
PNSJ4,4,8D,100,251,Podocarpus lambertii,"28,3","31,9","36,9",2017,2020,2024,15.7,Inicial/Intermediario
PNSJ4,4,8D,100,252,Feijoa sellowiana,"29,5","29,5","29,9",2017,2020,2024,15.7,Inicial/Intermediario
PNSJ4,4,8D,100,253,Podocarpus lambertii,"39,3",41,"44,3",2017,2020,2024,15.7,Inicial/Intermediario
PNSJ4,4,8D,100,254,Araucaria angustifolia,"48,5","50,5",53,2017,2020,2024,15.7,Inicial/Intermediario
PNSJ4,4,8D,100,255,Araucaria angustifolia,"110,5","112,5",115,2017,2020,2024,15.7,Inicial/Intermediario
PNSJ4,4,8D,100,257,Myrceugenia oxysepala,"15,6+13","15+12,8","13,5+15,5",2017,2020,2024,15.7,Inicial/Intermediario
PNSJ4,4,8D,100,258,Drimys brasiliensis,"36,7","37,2",,2017,2020,2024,15.7,Inicial/Intermediario
PNSJ4,4,8D,100,259,Araucaria angustifolia,"100,4","109,8","118,4",2017,2020,2024,15.7,Inicial/Intermediario
PNSJ4,4,8D,100,260,Prunus myrtifolia,49,"52,6",,2017,2020,2024,15.7,Inicial/Intermediario
PNSJ4,4,8D,100,261,Feijoa sellowiana,"26,3+19","37+19,5","37,3+19,9",2017,2020,2024,15.7,Inicial/Intermediario
PNSJ4,4,8D,100,262,Berberis laurina,"10,5+15,5+11,3+11,2+13","15,5+11,5",,2017,2020,2024,15.7,Inicial/Intermediario
PNSJ4,4,8D,100,263,Drimys brasiliensis,"33,8",35,"36,1",2017,2020,2024,15.7,Inicial/Intermediario
PNSJ4,4,8D,100,264,Araucaria angustifolia,"55,5","58,5","63,7",2017,2020,2024,15.7,Inicial/Intermediario
PNSJ4,4,8D,100,266,Prunus myrtifolia,31,"34,2","34,2",2017,2020,2024,15.7,Inicial/Intermediario
PNSJ4,4,8D,100,267,Araucaria angustifolia,"17,7","20,1","21,2",2017,2020,2024,15.7,Inicial/Intermediario
PNSJ4,4,8D,100,268,Araucaria angustifolia,"28,8","33,9","37,1",2017,2020,2024,15.7,Inicial/Intermediario
PNSJ4,4,8D,100,269,Myrceugenia myrcioides,17+14,"17,9+14,8","18,4+17",2017,2020,2024,15.7,Inicial/Intermediario
PNSJ4,4,8D,100,270,Araucaria angustifolia,83,85,"90,5",2017,2020,2024,15.7,Inicial/Intermediario
PNSJ4,4,8D,100,271,Araucaria angustifolia,"93,5","97,6","101,4",2017,2020,2024,15.7,Inicial/Intermediario
PNSJ4,4,8D,100,272,Lithraea brasiliensis,"15,1+11,2+9","17+11,7","12,2+19",2017,2020,2024,15.7,Inicial/Intermediario
PNSJ4,4,8D,100,273,Araucaria angustifolia,"104,7",112,"121,1",2017,2020,2024,15.7,Inicial/Intermediario
PNSJ4,4,8D,100,275,Podocarpus lambertii,,"23,8","27,5",2017,2020,2024,15.7,Inicial/Intermediario
PNSJ4,4,8D,100,F153,Berberis laurina,,"16,5+10,5","16,1",2017,2020,2024,15.7,Inicial/Intermediario
PNSJ4,4,8D,100,F154,Drimys brasiliensis,,"16,5","19,3",2017,2020,2024,15.7,Inicial/Intermediario
PNSJ4,4,8D,100,G277,Lithraea brasiliensis,"33,3","33,3","37,4",2017,2020,2024,15.7,Inicial/Intermediario
PNSJ4,4,8D,100,G453,Moquiniastrum polymorphum,"26,8+20",20,"20,1",2017,2020,2024,15.7,Inicial/Intermediario
PNSJ4,4,8D,100,G586,Oreopanax fulvus,"32,5","32,1","32,2",2017,2020,2024,15.7,Inicial/Intermediario
PNSJ4,4,8D,100,G921,Drimys brasiliensis,,,16,2017,2020,2024,15.7,Inicial/Intermediario
PNSJ4,4,8E,100,312,Allophylus edulis,"14,2+10","16,7+11,1","19,3+11,3",2017,2020,2024,15.7,Inicial/Intermediario
PNSJ4,4,8E,100,313,Feijoa sellowiana,15+29+27,15+29+27,15+29+27,2017,2020,2024,15.7,Inicial/Intermediario
PNSJ4,4,8E,100,314,Citronella gongonha,21,"22,2","22,5",2017,2020,2024,15.7,Inicial/Intermediario
PNSJ4,4,8E,100,315,Myrceugenia oxysepala,"11+11+4+6,2+6,8+8,3+13","12+8,8+6+5,5+5,5+7+7,3+5","11,9+7,2+6,8",2017,2020,2024,15.7,Inicial/Intermediario
PNSJ4,4,8E,100,316,Araucaria angustifolia,58,"65,1","76,7",2017,2020,2024,15.7,Inicial/Intermediario
PNSJ4,4,8E,100,317,Berberis laurina,"19,4","20,3","20,3",2017,2020,2024,15.7,Inicial/Intermediario
PNSJ4,4,8E,100,318,Drimys brasiliensis,"23,2+7","24,7","27,5",2017,2020,2024,15.7,Inicial/Intermediario
PNSJ4,4,8E,100,319,Lithraea brasiliensis,"24,3+11+11,2+16,2+12+13","25,3+10,8+8,7+10,2+5,1+16+12,8+12,5+4+5,4","25+10+11+9+16+14,5+12",2017,2020,2024,15.7,Inicial/Intermediario
PNSJ4,4,8E,100,320,Podocarpus lambertii,"67,3","72,1","81,3",2017,2020,2024,15.7,Inicial/Intermediario
PNSJ4,4,8E,100,321,Drimys brasiliensis,"21+13,3","22+13,3","24,6",2017,2020,2024,15.7,Inicial/Intermediario
PNSJ4,4,8E,100,322,Araucaria angustifolia,49,"55,4","61,4",2017,2020,2024,15.7,Inicial/Intermediario
PNSJ4,4,8E,100,323,Escallonia bifida,73,,,2017,2020,2024,15.7,Inicial/Intermediario
PNSJ4,4,8E,100,F194,Ocotea pulchella,,"16,1","17,6",2017,2020,2024,15.7,Inicial/Intermediario
PNSJ4,4,9D,100,276,Styrax leprosus,"46,5","46,9","46,9",2017,2020,2024,15.7,Inicial/Intermediario
PNSJ4,4,9D,100,277,Lithraea brasiliensis,"39,5+36+41+29+39","39,5+31,5+36,4+42+14,3+40,5","43+29,1+42,3+31,4+42,6+17,8",2017,2020,2024,15.7,Inicial/Intermediario
PNSJ4,4,9D,100,278,Feijoa sellowiana,"52,5+21+30,5","30,9+53,3+21,5","54,8+14,3+31,4+22",2017,2020,2024,15.7,Inicial/Intermediario
PNSJ4,4,9D,100,279,Araucaria angustifolia,"78,5","82,8","85,8",2017,2020,2024,15.7,Inicial/Intermediario
PNSJ4,4,9D,100,280,Citronella gongonha,78,"79,2","79,2",2017,2020,2024,15.7,Inicial/Intermediario
PNSJ4,4,9D,100,281,Drimys brasiliensis,23,"23,4","25,5",2017,2020,2024,15.7,Inicial/Intermediario
PNSJ4,4,9D,100,282,Araucaria angustifolia,"71,5","75,9",77,2017,2020,2024,15.7,Inicial/Intermediario
PNSJ4,4,9D,100,283,Escallonia bifida,61,"62,5",,2017,2020,2024,15.7,Inicial/Intermediario
PNSJ4,4,9D,100,284,Drimys brasiliensis,"26,6","26,1",28,2017,2020,2024,15.7,Inicial/Intermediario
PNSJ4,4,9D,100,285,Feijoa sellowiana,50+13,"51,7+13,3",,2017,2020,2024,15.7,Inicial/Intermediario
PNSJ4,4,9D,100,286,Araucaria angustifolia,21,21,"21,5",2017,2020,2024,15.7,Inicial/Intermediario
PNSJ4,4,9D,100,287,Araucaria angustifolia,"21,5","25,4","26,8",2017,2020,2024,15.7,Inicial/Intermediario
PNSJ4,4,9D,100,288,Araucaria angustifolia,"91,5","91,8",93,2017,2020,2024,15.7,Inicial/Intermediario
PNSJ4,4,9D,100,289,Myrrhinium atropurpureum,"17+24,5","17+24,4",17,2017,2020,2024,15.7,Inicial/Intermediario
PNSJ4,4,9D,100,290,Allophylus edulis,"24,5+19,5",30,32,2017,2020,2024,15.7,Inicial/Intermediario
PNSJ4,4,9D,100,291,Myrrhinium atropurpureum,"16+15,2","15,5+12",,2017,2020,2024,15.7,Inicial/Intermediario
PNSJ4,4,9D,100,292,Araucaria angustifolia,75,"81,5","87,5",2017,2020,2024,15.7,Inicial/Intermediario
PNSJ4,4,9D,100,293,Myrceugenia glaucescens,18+19,"17,5+17,6",,2017,2020,2024,15.7,Inicial/Intermediario
PNSJ4,4,9D,100,295,Podocarpus lambertii,23,"26,8","28,8",2017,2020,2024,15.7,Inicial/Intermediario
PNSJ4,4,9D,100,296,Araucaria angustifolia,"114,8",120,"124,5",2017,2020,2024,15.7,Inicial/Intermediario
PNSJ4,4,9D,100,F152,Styrax leprosus,,"16,9",20,2017,2020,2024,15.7,Inicial/Intermediario
PNSJ4,4,9E,100,324,Citronella gongonha,18,18,18,2017,2020,2024,15.7,Inicial/Intermediario
PNSJ4,4,9E,100,325,Podocarpus lambertii,151,"163,8",166,2017,2020,2024,15.7,Inicial/Intermediario
PNSJ4,4,9E,100,326,Lithraea brasiliensis,"44,8","48,2+22,3","50,9+24,6",2017,2020,2024,15.7,Inicial/Intermediario
PNSJ4,4,9E,100,327,Lithraea brasiliensis,"38,3+44","39,2+45,6","40,6+46,9",2017,2020,2024,15.7,Inicial/Intermediario
PNSJ4,4,9E,100,328,Berberis laurina,"16,3+16+12,1","16+16+16,5","21,6+17,6",2017,2020,2024,15.7,Inicial/Intermediario
PNSJ4,4,9E,100,329,Ocotea pulchella,"34,3","34,5",,2017,2020,2024,15.7,Inicial/Intermediario
PNSJ4,4,9E,100,330,Dicksonia sellowiana,135,"141,5",138,2017,2020,2024,15.7,Inicial/Intermediario
PNSJ4,4,9E,100,331,Berberis laurina,13+14,13+14,13+14,2017,2020,2024,15.7,Inicial/Intermediario
PNSJ4,4,9E,100,332,Araucaria angustifolia,54,54,54,2017,2020,2024,15.7,Inicial/Intermediario
PNSJ4,4,9E,100,333,Araucaria angustifolia,73,"75,6","82,3",2017,2020,2024,15.7,Inicial/Intermediario
PNSJ4,4,9E,100,334,Lithraea brasiliensis,"42,1","42,2",51,2017,2020,2024,15.7,Inicial/Intermediario
PNSJ4,4,9E,100,336,Berberis laurina,"11,2+8,9+9,5","11+8,8",,2017,2020,2024,15.7,Inicial/Intermediario
PNSJ4,4,9E,100,338,Solanum pabstii,"27,7","24,5",,2017,2020,2024,15.7,Inicial/Intermediario
PNSJ4,4,9E,100,F157(335),Araucaria angustifolia,"98,9+49,2","98,9+50",52+99,2017,2020,2024,15.7,Inicial/Intermediario
PNSJ4,4,9E,100,G335,Araucaria angustifolia,102,110,118,2017,2020,2024,15.7,Inicial/Intermediario
PNSJ4,4,9E,100,G922,Myrrhinium atropurpureum,,,16,2017,2020,2024,15.7,Inicial/Intermediario
PNSJ4,4,9E,100,G924,Myrrhinium atropurpureum,,,16,2017,2020,2024,15.7,Inicial/Intermediario
